id_leggo,id_principal,casa,id_autor.x,id_autor.y,peso_arestas,num_coautorias,nome.x,partido.x,uf.x,casa_autor.x,bancada.x,nome.y,partido.y,uf.y,casa_autor.y,bancada.y
03a334e664203d1f5f1fed64b52c8cce,135595,senado,4994,4994,1,1,Sen. Eduardo Braga,MDB,AM,senado,governo,Sen. Eduardo Braga,MDB,AM,senado,governo
03a334e664203d1f5f1fed64b52c8cce,135595,senado,5523,5523,1,1,Sen. Otto Alencar,PSD,BA,senado,governo,Sen. Otto Alencar,PSD,BA,senado,governo
03a334e664203d1f5f1fed64b52c8cce,135595,senado,5533,5533,1,1,Sen. Lasier Martins,PODEMOS,RS,senado,governo,Sen. Lasier Martins,PODEMOS,RS,senado,governo
073dab437c82eecd48d904e9eca68fec,141759,senado,5012,5012,2,2,Sen. Randolfe Rodrigues,REDE,AP,senado,oposição,Sen. Randolfe Rodrigues,REDE,AP,senado,oposição
0951066ca224f67a5ce614571b61c229,137065,senado,1186,1186,1,1,Sen. Luis Carlos Heinze,PP,RS,senado,governo,Sen. Luis Carlos Heinze,PP,RS,senado,governo
0951066ca224f67a5ce614571b61c229,137065,senado,4531,4531,1,1,Sen. Jayme Campos,DEM,MT,senado,governo,Sen. Jayme Campos,DEM,MT,senado,governo
0951066ca224f67a5ce614571b61c229,137065,senado,5979,5979,2,2,Sen. Leila Barros,PSB,DF,senado,oposição,Sen. Leila Barros,PSB,DF,senado,oposição
0951066ca224f67a5ce614571b61c229,137065,senado,5990,5990,1,1,Sen. Carlos Viana,PSD,MG,senado,governo,Sen. Carlos Viana,PSD,MG,senado,governo
0a47e56a70f7c68aa7176ebe6ae36476,135686,senado,2331,2331,2,2,Sen. Rose de Freitas,PODEMOS,ES,senado,governo,Sen. Rose de Freitas,PODEMOS,ES,senado,governo
0a47e56a70f7c68aa7176ebe6ae36476,135686,senado,5990,5990,2,2,Sen. Carlos Viana,PSD,MG,senado,governo,Sen. Carlos Viana,PSD,MG,senado,governo
0aae05928abb6a83a51cbfd42d935b69,135799,senado,285,285,2,2,Sen. Marcio Bittar,MDB,AC,senado,governo,Sen. Marcio Bittar,MDB,AC,senado,governo
0aae05928abb6a83a51cbfd42d935b69,135799,senado,4560,4560,1,1,Sen. Sérgio Petecão,PSD,AC,senado,governo,Sen. Sérgio Petecão,PSD,AC,senado,governo
0aae05928abb6a83a51cbfd42d935b69,135799,senado,5953,5953,1,1,Sen. Fabiano Contarato,REDE,ES,senado,oposição,Sen. Fabiano Contarato,REDE,ES,senado,oposição
0bb217da1e776f91e1544d7d9cc67215,137828,senado,1186,1186,1,1,Sen. Luis Carlos Heinze,PP,RS,senado,governo,Sen. Luis Carlos Heinze,PP,RS,senado,governo
0bb217da1e776f91e1544d7d9cc67215,137828,senado,4981,4981,1,1,Sen. Acir Gurgacz,PDT,RO,senado,oposição,Sen. Acir Gurgacz,PDT,RO,senado,oposição
0bb217da1e776f91e1544d7d9cc67215,137828,senado,5537,5537,1,1,Sen. Dário Berger,MDB,SC,senado,governo,Sen. Dário Berger,MDB,SC,senado,governo
0bb217da1e776f91e1544d7d9cc67215,137828,senado,581,581,1,1,Sen. Jaques Wagner,PT,BA,senado,oposição,Sen. Jaques Wagner,PT,BA,senado,oposição
0bb217da1e776f91e1544d7d9cc67215,137828,senado,5953,5953,1,1,Sen. Fabiano Contarato,REDE,ES,senado,oposição,Sen. Fabiano Contarato,REDE,ES,senado,oposição
0c5ce178d09d477b44e90b25dd3ee1b3,139858,senado,5748,5748,1,1,Sen. Veneziano Vital do Rêgo,PSB,PB,senado,oposição,Sen. Veneziano Vital do Rêgo,PSB,PB,senado,oposição
0d9474c890a194c8db2e4cf4aadfec9a,126199,senado,4994,4994,3,3,Sen. Eduardo Braga,MDB,AM,senado,governo,Sen. Eduardo Braga,MDB,AM,senado,governo
0ea9962317f8137607c3bdf36ac40ce2,136294,senado,5411,5411,2,2,Sen. Weverton,PDT,MA,senado,oposição,Sen. Weverton,PDT,MA,senado,oposição
0ea9962317f8137607c3bdf36ac40ce2,136294,senado,5502,5502,1,1,Sen. Plínio Valério,PSDB,AM,senado,governo,Sen. Plínio Valério,PSDB,AM,senado,governo
0ed08f124eb6abb9f44ff7f736630477,135818,senado,581,581,1,1,Sen. Jaques Wagner,PT,BA,senado,oposição,Sen. Jaques Wagner,PT,BA,senado,oposição
0ed08f124eb6abb9f44ff7f736630477,135818,senado,5895,5895,1,1,Sen. Jorge Kajuru,PATRIOTA,GO,senado,governo,Sen. Jorge Kajuru,PATRIOTA,GO,senado,governo
106d3cade46a4714ce9f835fb0664b07,139154,senado,5012,5012,1,1,Sen. Randolfe Rodrigues,REDE,AP,senado,oposição,Sen. Randolfe Rodrigues,REDE,AP,senado,oposição
106d3cade46a4714ce9f835fb0664b07,139154,senado,5718,5718,2,2,Sen. Eliziane Gama,CIDADANIA,MA,senado,governo,Sen. Eliziane Gama,CIDADANIA,MA,senado,governo
106d3cade46a4714ce9f835fb0664b07,139154,senado,5982,5982,1,1,Sen. Alessandro Vieira,CIDADANIA,SE,senado,governo,Sen. Alessandro Vieira,CIDADANIA,SE,senado,governo
1495e57cedf0e50546d3ae9eaeb1cd66,139585,senado,475,475,1,1,Sen. Confúcio Moura,MDB,RO,senado,governo,Sen. Confúcio Moura,MDB,RO,senado,governo
1500badc155ea18ae6494b247a96c52f,135332,senado,4531,4531,1,1,Sen. Jayme Campos,DEM,MT,senado,governo,Sen. Jayme Campos,DEM,MT,senado,governo
1500badc155ea18ae6494b247a96c52f,135332,senado,5529,5529,1,1,Sen. Antonio Anastasia,PSD,MG,senado,governo,Sen. Antonio Anastasia,PSD,MG,senado,governo
1500badc155ea18ae6494b247a96c52f,135332,senado,5535,5535,1,1,Sen. Telmário Mota,PROS,RR,senado,governo,Sen. Telmário Mota,PROS,RR,senado,governo
15a86f2c1f06a7ed346e413e22d922b4,135651,senado,5523,5523,2,2,Sen. Otto Alencar,PSD,BA,senado,governo,Sen. Otto Alencar,PSD,BA,senado,governo
15a86f2c1f06a7ed346e413e22d922b4,135651,senado,5529,5529,1,1,Sen. Antonio Anastasia,PSD,MG,senado,governo,Sen. Antonio Anastasia,PSD,MG,senado,governo
15a86f2c1f06a7ed346e413e22d922b4,135651,senado,5533,5533,1,1,Sen. Lasier Martins,PODEMOS,RS,senado,governo,Sen. Lasier Martins,PODEMOS,RS,senado,governo
15a86f2c1f06a7ed346e413e22d922b4,135651,senado,5748,5748,1,1,Sen. Veneziano Vital do Rêgo,PSB,PB,senado,oposição,Sen. Veneziano Vital do Rêgo,PSB,PB,senado,oposição
162063385d8d75aa905e6efb0a53a975,135986,senado,35,35,1,1,Sen. Jader Barbalho,MDB,PA,senado,governo,Sen. Jader Barbalho,MDB,PA,senado,governo
174918a8ca09646dac9b3129465fa44c,135664,senado,2331,2331,1,1,Sen. Rose de Freitas,PODEMOS,ES,senado,governo,Sen. Rose de Freitas,PODEMOS,ES,senado,governo
174918a8ca09646dac9b3129465fa44c,135664,senado,475,475,1,1,Sen. Confúcio Moura,MDB,RO,senado,governo,Sen. Confúcio Moura,MDB,RO,senado,governo
174918a8ca09646dac9b3129465fa44c,135664,senado,4770,4770,1,1,Sen. Izalci Lucas,PSDB,DF,senado,governo,Sen. Izalci Lucas,PSDB,DF,senado,governo
17616f03d63d1c483336c7b232f057c2,137486,senado,4981,4981,1,1,Sen. Acir Gurgacz,PDT,RO,senado,oposição,Sen. Acir Gurgacz,PDT,RO,senado,oposição
17616f03d63d1c483336c7b232f057c2,137486,senado,5959,5959,1,1,Sen. Styvenson Valentim,PODEMOS,RN,senado,governo,Sen. Styvenson Valentim,PODEMOS,RN,senado,governo
1765e127a5122196a65b561f8d61bead,139662,senado,90,90,1,1,Sen. José Serra,PSDB,SP,senado,governo,Sen. José Serra,PSDB,SP,senado,governo
17ca543d3975fa7d574f7f0f5b506502,141656,senado,5895,5895,2,2,Sen. Jorge Kajuru,PATRIOTA,GO,senado,governo,Sen. Jorge Kajuru,PATRIOTA,GO,senado,governo
1865182af6d37f87234698314e7cbf89,139916,senado,5012,5012,1,1,Sen. Randolfe Rodrigues,REDE,AP,senado,oposição,Sen. Randolfe Rodrigues,REDE,AP,senado,oposição
18c56b8f58b39196112039260af7f168,139848,senado,5748,5748,1,1,Sen. Veneziano Vital do Rêgo,PSB,PB,senado,oposição,Sen. Veneziano Vital do Rêgo,PSB,PB,senado,oposição
1973c4b6e45af8a78f781b41ddaf3987,135948,senado,1186,1186,1,1,Sen. Luis Carlos Heinze,PP,RS,senado,governo,Sen. Luis Carlos Heinze,PP,RS,senado,governo
1a74054629a02e97250b77cfc97e5e82,135868,senado,5748,5748,1,1,Sen. Veneziano Vital do Rêgo,PSB,PB,senado,oposição,Sen. Veneziano Vital do Rêgo,PSB,PB,senado,oposição
1a74054629a02e97250b77cfc97e5e82,135868,senado,5953,5953,1,1,Sen. Fabiano Contarato,REDE,ES,senado,oposição,Sen. Fabiano Contarato,REDE,ES,senado,oposição
1af82e91b2c98778f90d7cf2ce4220e1,139054,senado,4560,4560,1,1,Sen. Sérgio Petecão,PSD,AC,senado,governo,Sen. Sérgio Petecão,PSD,AC,senado,governo
1d5f1af19f04d44e5413beafca8f9ef7,137601,senado,5523,5523,3,3,Sen. Otto Alencar,PSD,BA,senado,governo,Sen. Otto Alencar,PSD,BA,senado,governo
1d5f1af19f04d44e5413beafca8f9ef7,137601,senado,5953,5953,2,2,Sen. Fabiano Contarato,REDE,ES,senado,oposição,Sen. Fabiano Contarato,REDE,ES,senado,oposição
1f8fbe1054bb174908f989d6e29ccf32,140489,senado,5976,5976,1,1,Sen. Eduardo Girão,PODEMOS,CE,senado,governo,Sen. Eduardo Girão,PODEMOS,CE,senado,governo
200a3857111591f2c61c174649fc1b6d,140314,senado,5953,5953,1,1,Sen. Fabiano Contarato,REDE,ES,senado,oposição,Sen. Fabiano Contarato,REDE,ES,senado,oposição
2100ec475ee9fba6cdca0fe1a3c8ecba,142064,senado,5895,5895,2,2,Sen. Jorge Kajuru,PATRIOTA,GO,senado,governo,Sen. Jorge Kajuru,PATRIOTA,GO,senado,governo
2248dff228becaf25dba94d74e629842,140744,senado,5959,5959,1,1,Sen. Styvenson Valentim,PODEMOS,RN,senado,governo,Sen. Styvenson Valentim,PODEMOS,RN,senado,governo
233b334de3092a3bb6287ceec89d6d5c,138735,senado,5982,5982,1,1,Sen. Alessandro Vieira,CIDADANIA,SE,senado,governo,Sen. Alessandro Vieira,CIDADANIA,SE,senado,governo
23d52e6111b40510a3a0533db54dd8e4,139622,senado,5990,5990,1,1,Sen. Carlos Viana,PSD,MG,senado,governo,Sen. Carlos Viana,PSD,MG,senado,governo
24edfaa736103cd9272c75af7d156974,138725,senado,1186,1186,2,2,Sen. Luis Carlos Heinze,PP,RS,senado,governo,Sen. Luis Carlos Heinze,PP,RS,senado,governo
24edfaa736103cd9272c75af7d156974,138725,senado,2331,2331,1,1,Sen. Rose de Freitas,PODEMOS,ES,senado,governo,Sen. Rose de Freitas,PODEMOS,ES,senado,governo
24edfaa736103cd9272c75af7d156974,138725,senado,3806,5585,0.3333333333333333,1,Sen. Zequinha Marinho,PSC,PA,senado,governo,Sen. Luiz do Carmo,MDB,GO,senado,governo
24edfaa736103cd9272c75af7d156974,138725,senado,3806,5988,0.3333333333333333,1,Sen. Zequinha Marinho,PSC,PA,senado,governo,Sen. Soraya Thronicke,PSL,MS,senado,governo
24edfaa736103cd9272c75af7d156974,138725,senado,4531,5953,0.5,1,Sen. Jayme Campos,DEM,MT,senado,governo,Sen. Fabiano Contarato,REDE,ES,senado,oposição
24edfaa736103cd9272c75af7d156974,138725,senado,470,470,1,1,Sen. Chico Rodrigues,DEM,RR,senado,governo,Sen. Chico Rodrigues,DEM,RR,senado,governo
24edfaa736103cd9272c75af7d156974,138725,senado,4770,4770,6,6,Sen. Izalci Lucas,PSDB,DF,senado,governo,Sen. Izalci Lucas,PSDB,DF,senado,governo
24edfaa736103cd9272c75af7d156974,138725,senado,5012,5012,3,3,Sen. Randolfe Rodrigues,REDE,AP,senado,oposição,Sen. Randolfe Rodrigues,REDE,AP,senado,oposição
24edfaa736103cd9272c75af7d156974,138725,senado,5585,5585,1,1,Sen. Luiz do Carmo,MDB,GO,senado,governo,Sen. Luiz do Carmo,MDB,GO,senado,governo
24edfaa736103cd9272c75af7d156974,138725,senado,5585,5988,0.3333333333333333,1,Sen. Luiz do Carmo,MDB,GO,senado,governo,Sen. Soraya Thronicke,PSL,MS,senado,governo
24edfaa736103cd9272c75af7d156974,138725,senado,581,5953,1.5,3,Sen. Jaques Wagner,PT,BA,senado,oposição,Sen. Fabiano Contarato,REDE,ES,senado,oposição
24edfaa736103cd9272c75af7d156974,138725,senado,5905,5905,1,1,Sen. Rodrigo Cunha,PSDB,AL,senado,governo,Sen. Rodrigo Cunha,PSDB,AL,senado,governo
24edfaa736103cd9272c75af7d156974,138725,senado,5953,5953,3,3,Sen. Fabiano Contarato,REDE,ES,senado,oposição,Sen. Fabiano Contarato,REDE,ES,senado,oposição
24edfaa736103cd9272c75af7d156974,138725,senado,5959,5959,1,1,Sen. Styvenson Valentim,PODEMOS,RN,senado,governo,Sen. Styvenson Valentim,PODEMOS,RN,senado,governo
24edfaa736103cd9272c75af7d156974,138725,senado,5988,5988,2,2,Sen. Soraya Thronicke,PSL,MS,senado,governo,Sen. Soraya Thronicke,PSL,MS,senado,governo
289e253a4ca6cb9abba709aeba6c5440,139853,senado,151,151,1,1,Sen. Luiz Pastore,MDB,ES,senado,governo,Sen. Luiz Pastore,MDB,ES,senado,governo
289e253a4ca6cb9abba709aeba6c5440,139853,senado,5748,5748,1,1,Sen. Veneziano Vital do Rêgo,PSB,PB,senado,oposição,Sen. Veneziano Vital do Rêgo,PSB,PB,senado,oposição
2910a0a3952ecfa66450c10972e4c6ee,135681,senado,4770,4770,1,1,Sen. Izalci Lucas,PSDB,DF,senado,governo,Sen. Izalci Lucas,PSDB,DF,senado,governo
2910a0a3952ecfa66450c10972e4c6ee,135681,senado,5895,5895,1,1,Sen. Jorge Kajuru,PATRIOTA,GO,senado,governo,Sen. Jorge Kajuru,PATRIOTA,GO,senado,governo
2c2948aaea6692477f9ab661b6c8cf89,142971,senado,22,22,1,1,Sen. Esperidião Amin,PP,SC,senado,governo,Sen. Esperidião Amin,PP,SC,senado,governo
2c2948aaea6692477f9ab661b6c8cf89,142971,senado,2331,2331,1,1,Sen. Rose de Freitas,PODEMOS,ES,senado,governo,Sen. Rose de Freitas,PODEMOS,ES,senado,governo
2c2948aaea6692477f9ab661b6c8cf89,142971,senado,345,345,1,1,Sen. Flávio Arns,REDE,PR,senado,oposição,Sen. Flávio Arns,REDE,PR,senado,oposição
2c2948aaea6692477f9ab661b6c8cf89,142971,senado,374,374,1,1,Sen. Paulo Rocha,PT,PA,senado,oposição,Sen. Paulo Rocha,PT,PA,senado,oposição
2c2948aaea6692477f9ab661b6c8cf89,142971,senado,4525,4525,1,1,Sen. Fernando Collor,PROS,AL,senado,governo,Sen. Fernando Collor,PROS,AL,senado,governo
2c2948aaea6692477f9ab661b6c8cf89,142971,senado,4531,4531,1,1,Sen. Jayme Campos,DEM,MT,senado,governo,Sen. Jayme Campos,DEM,MT,senado,governo
2c2948aaea6692477f9ab661b6c8cf89,142971,senado,470,470,1,1,Sen. Chico Rodrigues,DEM,RR,senado,governo,Sen. Chico Rodrigues,DEM,RR,senado,governo
2c2948aaea6692477f9ab661b6c8cf89,142971,senado,475,475,1,1,Sen. Confúcio Moura,MDB,RO,senado,governo,Sen. Confúcio Moura,MDB,RO,senado,governo
2c2948aaea6692477f9ab661b6c8cf89,142971,senado,4770,4770,1,1,Sen. Izalci Lucas,PSDB,DF,senado,governo,Sen. Izalci Lucas,PSDB,DF,senado,governo
2c2948aaea6692477f9ab661b6c8cf89,142971,senado,5008,5008,1,1,Sen. Humberto Costa,PT,PE,senado,oposição,Sen. Humberto Costa,PT,PE,senado,oposição
2c2948aaea6692477f9ab661b6c8cf89,142971,senado,5012,5012,1,1,Sen. Randolfe Rodrigues,REDE,AP,senado,oposição,Sen. Randolfe Rodrigues,REDE,AP,senado,oposição
2c2948aaea6692477f9ab661b6c8cf89,142971,senado,5236,5236,1,1,Sen. Reguffe,PODEMOS,DF,senado,governo,Sen. Reguffe,PODEMOS,DF,senado,governo
2c2948aaea6692477f9ab661b6c8cf89,142971,senado,5322,5322,1,1,Sen. Romário,PODEMOS,RJ,senado,governo,Sen. Romário,PODEMOS,RJ,senado,governo
2c2948aaea6692477f9ab661b6c8cf89,142971,senado,5352,5352,1,1,Sen. Rogério Carvalho,PT,SE,senado,oposição,Sen. Rogério Carvalho,PT,SE,senado,oposição
2c2948aaea6692477f9ab661b6c8cf89,142971,senado,5502,5502,1,1,Sen. Plínio Valério,PSDB,AM,senado,governo,Sen. Plínio Valério,PSDB,AM,senado,governo
2c2948aaea6692477f9ab661b6c8cf89,142971,senado,5523,5523,1,1,Sen. Otto Alencar,PSD,BA,senado,governo,Sen. Otto Alencar,PSD,BA,senado,governo
2c2948aaea6692477f9ab661b6c8cf89,142971,senado,5557,5557,1,1,Sen. Mailza Gomes,PP,AC,senado,governo,Sen. Mailza Gomes,PP,AC,senado,governo
2c2948aaea6692477f9ab661b6c8cf89,142971,senado,5627,5627,1,1,Sen. Jean Paul Prates,PT,RN,senado,oposição,Sen. Jean Paul Prates,PT,RN,senado,oposição
2c2948aaea6692477f9ab661b6c8cf89,142971,senado,5718,5718,1,1,Sen. Eliziane Gama,CIDADANIA,MA,senado,governo,Sen. Eliziane Gama,CIDADANIA,MA,senado,governo
2c2948aaea6692477f9ab661b6c8cf89,142971,senado,5748,5748,1,1,Sen. Veneziano Vital do Rêgo,PSB,PB,senado,oposição,Sen. Veneziano Vital do Rêgo,PSB,PB,senado,oposição
2c2948aaea6692477f9ab661b6c8cf89,142971,senado,5783,5783,2,2,Sen. Zenaide Maia,PROS,RN,senado,governo,Sen. Zenaide Maia,PROS,RN,senado,governo
2c2948aaea6692477f9ab661b6c8cf89,142971,senado,5953,5953,1,1,Sen. Fabiano Contarato,REDE,ES,senado,oposição,Sen. Fabiano Contarato,REDE,ES,senado,oposição
2c2948aaea6692477f9ab661b6c8cf89,142971,senado,5985,5985,1,1,Sen. Nelsinho Trad,PSD,MS,senado,governo,Sen. Nelsinho Trad,PSD,MS,senado,governo
2c2948aaea6692477f9ab661b6c8cf89,142971,senado,739,739,1,1,Sen. Ciro Nogueira,PP,PI,senado,governo,Sen. Ciro Nogueira,PP,PI,senado,governo
2c2948aaea6692477f9ab661b6c8cf89,142971,senado,742,742,1,1,Sen. Marcelo Castro,MDB,PI,senado,governo,Sen. Marcelo Castro,MDB,PI,senado,governo
2c2948aaea6692477f9ab661b6c8cf89,142971,senado,825,825,1,1,Sen. Paulo Paim,PT,RS,senado,oposição,Sen. Paulo Paim,PT,RS,senado,oposição
2c2948aaea6692477f9ab661b6c8cf89,142971,senado,90,90,1,1,Sen. José Serra,PSDB,SP,senado,governo,Sen. José Serra,PSDB,SP,senado,governo
2c67084f58bfa77db6f844cbda7ca540,143780,senado,35,35,1,1,Sen. Jader Barbalho,MDB,PA,senado,governo,Sen. Jader Barbalho,MDB,PA,senado,governo
2d65473c1302ad224a26429e46d9b88c,138904,senado,475,475,1,1,Sen. Confúcio Moura,MDB,RO,senado,governo,Sen. Confúcio Moura,MDB,RO,senado,governo
2d65473c1302ad224a26429e46d9b88c,138904,senado,581,581,1,1,Sen. Jaques Wagner,PT,BA,senado,oposição,Sen. Jaques Wagner,PT,BA,senado,oposição
2d8e49e60313f657cf1870f22524cb41,136417,senado,5953,5953,1,1,Sen. Fabiano Contarato,REDE,ES,senado,oposição,Sen. Fabiano Contarato,REDE,ES,senado,oposição
2d91f5e7e59961f0789f968aa0ec00ed,135108,senado,5748,5748,1,1,Sen. Veneziano Vital do Rêgo,PSB,PB,senado,oposição,Sen. Veneziano Vital do Rêgo,PSB,PB,senado,oposição
2d91f5e7e59961f0789f968aa0ec00ed,135108,senado,5959,5959,1,1,Sen. Styvenson Valentim,PODEMOS,RN,senado,governo,Sen. Styvenson Valentim,PODEMOS,RN,senado,governo
2dfb8c506ae270d0cc3dc7ff0339e2b7,143753,senado,475,475,1,1,Sen. Confúcio Moura,MDB,RO,senado,governo,Sen. Confúcio Moura,MDB,RO,senado,governo
2e151a23e0aa2a0fb0e2201e9a5cf7f2,135230,senado,5502,5502,1,1,Sen. Plínio Valério,PSDB,AM,senado,governo,Sen. Plínio Valério,PSDB,AM,senado,governo
2e151a23e0aa2a0fb0e2201e9a5cf7f2,135230,senado,5748,5748,1,1,Sen. Veneziano Vital do Rêgo,PSB,PB,senado,oposição,Sen. Veneziano Vital do Rêgo,PSB,PB,senado,oposição
2e151a23e0aa2a0fb0e2201e9a5cf7f2,135230,senado,742,742,2,2,Sen. Marcelo Castro,MDB,PI,senado,governo,Sen. Marcelo Castro,MDB,PI,senado,governo
375ef8c5e25da01d57a22f8a33fa4bb1,140613,senado,677,677,1,1,Sen. Roberto Rocha,PSDB,MA,senado,governo,Sen. Roberto Rocha,PSDB,MA,senado,governo
3b5600a471a8a8963f871d84d12ecab0,135240,senado,470,470,1,1,Sen. Chico Rodrigues,DEM,RR,senado,governo,Sen. Chico Rodrigues,DEM,RR,senado,governo
3b5600a471a8a8963f871d84d12ecab0,135240,senado,5535,5535,1,1,Sen. Telmário Mota,PROS,RR,senado,governo,Sen. Telmário Mota,PROS,RR,senado,governo
40ccf3c29d8d8c799dd114d48ab95c6b,144719,senado,2331,2331,3,3,Sen. Rose de Freitas,PODEMOS,ES,senado,governo,Sen. Rose de Freitas,PODEMOS,ES,senado,governo
40ccf3c29d8d8c799dd114d48ab95c6b,144719,senado,5012,5012,1,1,Sen. Randolfe Rodrigues,REDE,AP,senado,oposição,Sen. Randolfe Rodrigues,REDE,AP,senado,oposição
40ccf3c29d8d8c799dd114d48ab95c6b,144719,senado,5376,5376,1,1,Sen. Mara Gabrilli,PSDB,SP,senado,governo,Sen. Mara Gabrilli,PSDB,SP,senado,governo
40ccf3c29d8d8c799dd114d48ab95c6b,144719,senado,5531,5531,1,1,Sen. Elmano Férrer,PODEMOS,PI,senado,governo,Sen. Elmano Férrer,PODEMOS,PI,senado,governo
40ccf3c29d8d8c799dd114d48ab95c6b,144719,senado,5718,5718,1,1,Sen. Eliziane Gama,CIDADANIA,MA,senado,governo,Sen. Eliziane Gama,CIDADANIA,MA,senado,governo
40ccf3c29d8d8c799dd114d48ab95c6b,144719,senado,5996,5996,2,2,Sen. Diego Tavares,PP,PB,senado,governo,Sen. Diego Tavares,PP,PB,senado,governo
40ccf3c29d8d8c799dd114d48ab95c6b,144719,senado,825,825,1,1,Sen. Paulo Paim,PT,RS,senado,oposição,Sen. Paulo Paim,PT,RS,senado,oposição
40ccf3c29d8d8c799dd114d48ab95c6b,144719,senado,945,945,1,1,Sen. Alvaro Dias,PODEMOS,PR,senado,governo,Sen. Alvaro Dias,PODEMOS,PR,senado,governo
4451e9ea4be1553feef081ebb745eacf,145425,senado,2331,2331,1,1,Sen. Rose de Freitas,PODEMOS,ES,senado,governo,Sen. Rose de Freitas,PODEMOS,ES,senado,governo
45dcaab5e60a1ab6850f7530bfdff7ca,136493,senado,5982,5982,1,1,Sen. Alessandro Vieira,CIDADANIA,SE,senado,governo,Sen. Alessandro Vieira,CIDADANIA,SE,senado,governo
46f21b82789c07a457d65619991a3e56,135161,senado,5533,5533,2,2,Sen. Lasier Martins,PODEMOS,RS,senado,governo,Sen. Lasier Martins,PODEMOS,RS,senado,governo
47318a198e3800c631a6648ee6a9f204,144927,senado,5422,5422,1,1,Sen. Marcos Rogério,DEM,RO,senado,governo,Sen. Marcos Rogério,DEM,RO,senado,governo
4aa48de07ffa76e8eeed3a75c25034a3,137294,senado,1186,1186,2,2,Sen. Luis Carlos Heinze,PP,RS,senado,governo,Sen. Luis Carlos Heinze,PP,RS,senado,governo
4aa48de07ffa76e8eeed3a75c25034a3,137294,senado,4560,4560,4,4,Sen. Sérgio Petecão,PSD,AC,senado,governo,Sen. Sérgio Petecão,PSD,AC,senado,governo
4aa48de07ffa76e8eeed3a75c25034a3,137294,senado,5531,5531,1,1,Sen. Elmano Férrer,PODEMOS,PI,senado,governo,Sen. Elmano Férrer,PODEMOS,PI,senado,governo
4aa48de07ffa76e8eeed3a75c25034a3,137294,senado,5953,5953,1,1,Sen. Fabiano Contarato,REDE,ES,senado,oposição,Sen. Fabiano Contarato,REDE,ES,senado,oposição
4aa48de07ffa76e8eeed3a75c25034a3,137294,senado,6027,6027,1,1,Sen. Mecias de Jesus,REPUBLICANOS,RR,senado,governo,Sen. Mecias de Jesus,REPUBLICANOS,RR,senado,governo
4cf25fcc5dc651c0dbc7ed2994895dfd,145013,senado,5988,5988,1,1,Sen. Soraya Thronicke,PSL,MS,senado,governo,Sen. Soraya Thronicke,PSL,MS,senado,governo
4de57fe01be4f0b7bba53214170a741e,141084,senado,374,5008,0.14285714285714285,1,Sen. Paulo Rocha,PT,PA,senado,oposição,Sen. Humberto Costa,PT,PE,senado,oposição
4de57fe01be4f0b7bba53214170a741e,141084,senado,374,5352,0.14285714285714285,1,Sen. Paulo Rocha,PT,PA,senado,oposição,Sen. Rogério Carvalho,PT,SE,senado,oposição
4de57fe01be4f0b7bba53214170a741e,141084,senado,374,5627,0.14285714285714285,1,Sen. Paulo Rocha,PT,PA,senado,oposição,Sen. Jean Paul Prates,PT,RN,senado,oposição
4de57fe01be4f0b7bba53214170a741e,141084,senado,374,5783,0.14285714285714285,1,Sen. Paulo Rocha,PT,PA,senado,oposição,Sen. Zenaide Maia,PROS,RN,senado,governo
4de57fe01be4f0b7bba53214170a741e,141084,senado,374,581,0.14285714285714285,1,Sen. Paulo Rocha,PT,PA,senado,oposição,Sen. Jaques Wagner,PT,BA,senado,oposição
4de57fe01be4f0b7bba53214170a741e,141084,senado,374,825,0.14285714285714285,1,Sen. Paulo Rocha,PT,PA,senado,oposição,Sen. Paulo Paim,PT,RS,senado,oposição
4de57fe01be4f0b7bba53214170a741e,141084,senado,5008,5352,0.14285714285714285,1,Sen. Humberto Costa,PT,PE,senado,oposição,Sen. Rogério Carvalho,PT,SE,senado,oposição
4de57fe01be4f0b7bba53214170a741e,141084,senado,5008,5627,0.14285714285714285,1,Sen. Humberto Costa,PT,PE,senado,oposição,Sen. Jean Paul Prates,PT,RN,senado,oposição
4de57fe01be4f0b7bba53214170a741e,141084,senado,5008,5783,0.14285714285714285,1,Sen. Humberto Costa,PT,PE,senado,oposição,Sen. Zenaide Maia,PROS,RN,senado,governo
4de57fe01be4f0b7bba53214170a741e,141084,senado,5352,5627,0.14285714285714285,1,Sen. Rogério Carvalho,PT,SE,senado,oposição,Sen. Jean Paul Prates,PT,RN,senado,oposição
4de57fe01be4f0b7bba53214170a741e,141084,senado,5352,5783,0.14285714285714285,1,Sen. Rogério Carvalho,PT,SE,senado,oposição,Sen. Zenaide Maia,PROS,RN,senado,governo
4de57fe01be4f0b7bba53214170a741e,141084,senado,5627,5783,0.14285714285714285,1,Sen. Jean Paul Prates,PT,RN,senado,oposição,Sen. Zenaide Maia,PROS,RN,senado,governo
4de57fe01be4f0b7bba53214170a741e,141084,senado,581,5008,0.14285714285714285,1,Sen. Jaques Wagner,PT,BA,senado,oposição,Sen. Humberto Costa,PT,PE,senado,oposição
4de57fe01be4f0b7bba53214170a741e,141084,senado,581,5352,0.14285714285714285,1,Sen. Jaques Wagner,PT,BA,senado,oposição,Sen. Rogério Carvalho,PT,SE,senado,oposição
4de57fe01be4f0b7bba53214170a741e,141084,senado,581,5627,0.14285714285714285,1,Sen. Jaques Wagner,PT,BA,senado,oposição,Sen. Jean Paul Prates,PT,RN,senado,oposição
4de57fe01be4f0b7bba53214170a741e,141084,senado,581,5783,0.14285714285714285,1,Sen. Jaques Wagner,PT,BA,senado,oposição,Sen. Zenaide Maia,PROS,RN,senado,governo
4de57fe01be4f0b7bba53214170a741e,141084,senado,581,825,0.14285714285714285,1,Sen. Jaques Wagner,PT,BA,senado,oposição,Sen. Paulo Paim,PT,RS,senado,oposição
4de57fe01be4f0b7bba53214170a741e,141084,senado,825,5008,0.14285714285714285,1,Sen. Paulo Paim,PT,RS,senado,oposição,Sen. Humberto Costa,PT,PE,senado,oposição
4de57fe01be4f0b7bba53214170a741e,141084,senado,825,5352,0.14285714285714285,1,Sen. Paulo Paim,PT,RS,senado,oposição,Sen. Rogério Carvalho,PT,SE,senado,oposição
4de57fe01be4f0b7bba53214170a741e,141084,senado,825,5627,0.14285714285714285,1,Sen. Paulo Paim,PT,RS,senado,oposição,Sen. Jean Paul Prates,PT,RN,senado,oposição
4de57fe01be4f0b7bba53214170a741e,141084,senado,825,5783,0.14285714285714285,1,Sen. Paulo Paim,PT,RS,senado,oposição,Sen. Zenaide Maia,PROS,RN,senado,governo
528b129ac1078010f36741d9c81eed63,135672,senado,3806,3806,1,1,Sen. Zequinha Marinho,PSC,PA,senado,governo,Sen. Zequinha Marinho,PSC,PA,senado,governo
528b129ac1078010f36741d9c81eed63,135672,senado,5529,5529,1,1,Sen. Antonio Anastasia,PSD,MG,senado,governo,Sen. Antonio Anastasia,PSD,MG,senado,governo
528b129ac1078010f36741d9c81eed63,135672,senado,5748,5748,2,2,Sen. Veneziano Vital do Rêgo,PSB,PB,senado,oposição,Sen. Veneziano Vital do Rêgo,PSB,PB,senado,oposição
528b129ac1078010f36741d9c81eed63,135672,senado,825,825,1,1,Sen. Paulo Paim,PT,RS,senado,oposição,Sen. Paulo Paim,PT,RS,senado,oposição
53b4585f954ff88798c1da5ab7265d3c,144643,senado,374,374,2,2,Sen. Paulo Rocha,PT,PA,senado,oposição,Sen. Paulo Rocha,PT,PA,senado,oposição
53b4585f954ff88798c1da5ab7265d3c,144643,senado,5352,5352,2,2,Sen. Rogério Carvalho,PT,SE,senado,oposição,Sen. Rogério Carvalho,PT,SE,senado,oposição
53b4585f954ff88798c1da5ab7265d3c,144643,senado,5502,5502,3,3,Sen. Plínio Valério,PSDB,AM,senado,governo,Sen. Plínio Valério,PSDB,AM,senado,governo
5468c821a1e3b3d93f48543242248475,141952,senado,1249,1249,2,2,Sen. Kátia Abreu,PP,TO,senado,governo,Sen. Kátia Abreu,PP,TO,senado,governo
57787c5911fa085b010161fe1ce8d620,136265,senado,5352,5352,1,1,Sen. Rogério Carvalho,PT,SE,senado,oposição,Sen. Rogério Carvalho,PT,SE,senado,oposição
57787c5911fa085b010161fe1ce8d620,136265,senado,5976,5976,1,1,Sen. Eduardo Girão,PODEMOS,CE,senado,governo,Sen. Eduardo Girão,PODEMOS,CE,senado,governo
5a4a116465040efd1246bf4612a8e02e,135609,senado,5529,5529,1,1,Sen. Antonio Anastasia,PSD,MG,senado,governo,Sen. Antonio Anastasia,PSD,MG,senado,governo
5b383a40703b786a7f8ecb47cff02477,140546,senado,2331,2331,1,1,Sen. Rose de Freitas,PODEMOS,ES,senado,governo,Sen. Rose de Freitas,PODEMOS,ES,senado,governo
5b383a40703b786a7f8ecb47cff02477,140546,senado,5535,5535,1,1,Sen. Telmário Mota,PROS,RR,senado,governo,Sen. Telmário Mota,PROS,RR,senado,governo
5b383a40703b786a7f8ecb47cff02477,140546,senado,5627,5627,1,1,Sen. Jean Paul Prates,PT,RN,senado,oposição,Sen. Jean Paul Prates,PT,RN,senado,oposição
5b383a40703b786a7f8ecb47cff02477,140546,senado,5953,5953,3,3,Sen. Fabiano Contarato,REDE,ES,senado,oposição,Sen. Fabiano Contarato,REDE,ES,senado,oposição
5b6dc6647355a71b84b2af01c50e9385,136782,senado,5895,5895,1,1,Sen. Jorge Kajuru,PATRIOTA,GO,senado,governo,Sen. Jorge Kajuru,PATRIOTA,GO,senado,governo
5cebec781257056025f9e6692e0a81bc,128221,senado,1249,1249,3,3,Sen. Kátia Abreu,PP,TO,senado,governo,Sen. Kátia Abreu,PP,TO,senado,governo
5d53ed595fcc142cc3a70279a866f11c,144393,senado,4770,4770,1,1,Sen. Izalci Lucas,PSDB,DF,senado,governo,Sen. Izalci Lucas,PSDB,DF,senado,governo
5ea0f1d5f611a41c2aee6183a4e0d454,138255,senado,751,751,1,1,Sen. Arolde de Oliveira,PSD,RJ,senado,governo,Sen. Arolde de Oliveira,PSD,RJ,senado,governo
60211d690442e4790271643cd0ad3dc2,140895,senado,3806,3806,1,1,Sen. Zequinha Marinho,PSC,PA,senado,governo,Sen. Zequinha Marinho,PSC,PA,senado,governo
6b9659992d6915b7ef8607ef048d5eca,138902,senado,5988,5988,1,1,Sen. Soraya Thronicke,PSL,MS,senado,governo,Sen. Soraya Thronicke,PSL,MS,senado,governo
6b9659992d6915b7ef8607ef048d5eca,138902,senado,945,945,1,1,Sen. Alvaro Dias,PODEMOS,PR,senado,governo,Sen. Alvaro Dias,PODEMOS,PR,senado,governo
6c74bedf8b714e465f7fe246047a3710,140530,senado,5895,5895,1,1,Sen. Jorge Kajuru,PATRIOTA,GO,senado,governo,Sen. Jorge Kajuru,PATRIOTA,GO,senado,governo
6ca119cd90139946049c113136bef565,135165,senado,5535,5535,1,1,Sen. Telmário Mota,PROS,RR,senado,governo,Sen. Telmário Mota,PROS,RR,senado,governo
6ca119cd90139946049c113136bef565,135165,senado,6027,6027,1,1,Sen. Mecias de Jesus,REPUBLICANOS,RR,senado,governo,Sen. Mecias de Jesus,REPUBLICANOS,RR,senado,governo
6dfd44aa84fda3908878ad70308ee41d,136798,senado,5585,5585,1,1,Sen. Luiz do Carmo,MDB,GO,senado,governo,Sen. Luiz do Carmo,MDB,GO,senado,governo
6dfd44aa84fda3908878ad70308ee41d,136798,senado,5899,5899,1,1,Sen. Vanderlan Cardoso,PP,GO,senado,governo,Sen. Vanderlan Cardoso,PP,GO,senado,governo
6dfd44aa84fda3908878ad70308ee41d,136798,senado,5959,5959,2,2,Sen. Styvenson Valentim,PODEMOS,RN,senado,governo,Sen. Styvenson Valentim,PODEMOS,RN,senado,governo
6ef66f861e22202de3ce51fcb6a05d27,145734,senado,5953,5953,1,1,Sen. Fabiano Contarato,REDE,ES,senado,oposição,Sen. Fabiano Contarato,REDE,ES,senado,oposição
7244a7ad51170286dcf62a6de789db2a,145636,senado,5411,5411,1,1,Sen. Weverton,PDT,MA,senado,oposição,Sen. Weverton,PDT,MA,senado,oposição
7244a7ad51170286dcf62a6de789db2a,145636,senado,5523,5523,3,3,Sen. Otto Alencar,PSD,BA,senado,governo,Sen. Otto Alencar,PSD,BA,senado,governo
7244a7ad51170286dcf62a6de789db2a,145636,senado,5529,5529,4,4,Sen. Antonio Anastasia,PSD,MG,senado,governo,Sen. Antonio Anastasia,PSD,MG,senado,governo
7244a7ad51170286dcf62a6de789db2a,145636,senado,5718,5718,1,1,Sen. Eliziane Gama,CIDADANIA,MA,senado,governo,Sen. Eliziane Gama,CIDADANIA,MA,senado,governo
7244a7ad51170286dcf62a6de789db2a,145636,senado,945,945,2,2,Sen. Alvaro Dias,PODEMOS,PR,senado,governo,Sen. Alvaro Dias,PODEMOS,PR,senado,governo
74d85c5078076bc8f5c03a2e2610e1e9,140281,senado,1186,1186,1,1,Sen. Luis Carlos Heinze,PP,RS,senado,governo,Sen. Luis Carlos Heinze,PP,RS,senado,governo
7d6fe0516894b21b34d3f7a78b24264d,138873,senado,3806,3806,1,1,Sen. Zequinha Marinho,PSC,PA,senado,governo,Sen. Zequinha Marinho,PSC,PA,senado,governo
7ef9a245638bf643a4aafe7bdb59fce3,135567,senado,1186,1186,1,1,Sen. Luis Carlos Heinze,PP,RS,senado,governo,Sen. Luis Carlos Heinze,PP,RS,senado,governo
7ef9a245638bf643a4aafe7bdb59fce3,135567,senado,5012,5012,1,1,Sen. Randolfe Rodrigues,REDE,AP,senado,oposição,Sen. Randolfe Rodrigues,REDE,AP,senado,oposição
7ef9a245638bf643a4aafe7bdb59fce3,135567,senado,5422,5422,1,1,Sen. Marcos Rogério,DEM,RO,senado,governo,Sen. Marcos Rogério,DEM,RO,senado,governo
7ef9a245638bf643a4aafe7bdb59fce3,135567,senado,742,742,1,1,Sen. Marcelo Castro,MDB,PI,senado,governo,Sen. Marcelo Castro,MDB,PI,senado,governo
7f9600865fe9990e2484f26f6ea9e6c9,136380,senado,5422,5422,1,1,Sen. Marcos Rogério,DEM,RO,senado,governo,Sen. Marcos Rogério,DEM,RO,senado,governo
7f9600865fe9990e2484f26f6ea9e6c9,136380,senado,5718,5718,1,1,Sen. Eliziane Gama,CIDADANIA,MA,senado,governo,Sen. Eliziane Gama,CIDADANIA,MA,senado,governo
8257571ac8a49dddd8d582108170a08f,139267,senado,581,581,1,1,Sen. Jaques Wagner,PT,BA,senado,oposição,Sen. Jaques Wagner,PT,BA,senado,oposição
826978a4a6119ef3625f8f655abaa1f5,136872,senado,285,285,2,2,Sen. Marcio Bittar,MDB,AC,senado,governo,Sen. Marcio Bittar,MDB,AC,senado,governo
826978a4a6119ef3625f8f655abaa1f5,136872,senado,3777,3777,1,1,Sen. Eduardo Gomes,MDB,TO,senado,governo,Sen. Eduardo Gomes,MDB,TO,senado,governo
82ed1e9560dc4ddab2e56a801d2eb0f3,143356,senado,4525,4525,2,2,Sen. Fernando Collor,PROS,AL,senado,governo,Sen. Fernando Collor,PROS,AL,senado,governo
83eea3a21f9bde0d61e38296db52b505,138839,senado,4531,4531,1,1,Sen. Jayme Campos,DEM,MT,senado,governo,Sen. Jayme Campos,DEM,MT,senado,governo
83eea3a21f9bde0d61e38296db52b505,138839,senado,5502,5502,1,1,Sen. Plínio Valério,PSDB,AM,senado,governo,Sen. Plínio Valério,PSDB,AM,senado,governo
8588e01c3feef42549da06eab598f5d3,145560,senado,4531,4531,1,1,Sen. Jayme Campos,DEM,MT,senado,governo,Sen. Jayme Campos,DEM,MT,senado,governo
86578c7c53c72a80231998f1ecdaf8ed,141968,senado,5352,5352,2,2,Sen. Rogério Carvalho,PT,SE,senado,oposição,Sen. Rogério Carvalho,PT,SE,senado,oposição
86d5c2c186312f2c2fcaaff1f00b226c,139066,senado,5982,5982,1,1,Sen. Alessandro Vieira,CIDADANIA,SE,senado,governo,Sen. Alessandro Vieira,CIDADANIA,SE,senado,governo
88d5abe1f8cbfc8664546cb0685008b5,135858,senado,5008,5411,0.1,1,Sen. Humberto Costa,PT,PE,senado,oposição,Sen. Weverton,PDT,MA,senado,oposição
88d5abe1f8cbfc8664546cb0685008b5,135858,senado,5008,5523,0.1,1,Sen. Humberto Costa,PT,PE,senado,oposição,Sen. Otto Alencar,PSD,BA,senado,governo
88d5abe1f8cbfc8664546cb0685008b5,135858,senado,5008,5531,0.1,1,Sen. Humberto Costa,PT,PE,senado,oposição,Sen. Elmano Férrer,PODEMOS,PI,senado,governo
88d5abe1f8cbfc8664546cb0685008b5,135858,senado,5008,5627,0.1,1,Sen. Humberto Costa,PT,PE,senado,oposição,Sen. Jean Paul Prates,PT,RN,senado,oposição
88d5abe1f8cbfc8664546cb0685008b5,135858,senado,5008,5718,0.1,1,Sen. Humberto Costa,PT,PE,senado,oposição,Sen. Eliziane Gama,CIDADANIA,MA,senado,governo
88d5abe1f8cbfc8664546cb0685008b5,135858,senado,5008,5783,0.1,1,Sen. Humberto Costa,PT,PE,senado,oposição,Sen. Zenaide Maia,PROS,RN,senado,governo
88d5abe1f8cbfc8664546cb0685008b5,135858,senado,5008,5959,0.1,1,Sen. Humberto Costa,PT,PE,senado,oposição,Sen. Styvenson Valentim,PODEMOS,RN,senado,governo
88d5abe1f8cbfc8664546cb0685008b5,135858,senado,5008,5967,0.1,1,Sen. Humberto Costa,PT,PE,senado,oposição,Sen. Angelo Coronel,PSD,BA,senado,governo
88d5abe1f8cbfc8664546cb0685008b5,135858,senado,5411,5411,1,1,Sen. Weverton,PDT,MA,senado,oposição,Sen. Weverton,PDT,MA,senado,oposição
88d5abe1f8cbfc8664546cb0685008b5,135858,senado,5411,5523,0.1,1,Sen. Weverton,PDT,MA,senado,oposição,Sen. Otto Alencar,PSD,BA,senado,governo
88d5abe1f8cbfc8664546cb0685008b5,135858,senado,5411,5531,0.1,1,Sen. Weverton,PDT,MA,senado,oposição,Sen. Elmano Férrer,PODEMOS,PI,senado,governo
88d5abe1f8cbfc8664546cb0685008b5,135858,senado,5411,5627,0.1,1,Sen. Weverton,PDT,MA,senado,oposição,Sen. Jean Paul Prates,PT,RN,senado,oposição
88d5abe1f8cbfc8664546cb0685008b5,135858,senado,5411,5718,0.1,1,Sen. Weverton,PDT,MA,senado,oposição,Sen. Eliziane Gama,CIDADANIA,MA,senado,governo
88d5abe1f8cbfc8664546cb0685008b5,135858,senado,5411,5783,0.1,1,Sen. Weverton,PDT,MA,senado,oposição,Sen. Zenaide Maia,PROS,RN,senado,governo
88d5abe1f8cbfc8664546cb0685008b5,135858,senado,5411,5959,0.1,1,Sen. Weverton,PDT,MA,senado,oposição,Sen. Styvenson Valentim,PODEMOS,RN,senado,governo
88d5abe1f8cbfc8664546cb0685008b5,135858,senado,5411,5967,0.1,1,Sen. Weverton,PDT,MA,senado,oposição,Sen. Angelo Coronel,PSD,BA,senado,governo
88d5abe1f8cbfc8664546cb0685008b5,135858,senado,5523,5531,0.1,1,Sen. Otto Alencar,PSD,BA,senado,governo,Sen. Elmano Férrer,PODEMOS,PI,senado,governo
88d5abe1f8cbfc8664546cb0685008b5,135858,senado,5523,5627,0.1,1,Sen. Otto Alencar,PSD,BA,senado,governo,Sen. Jean Paul Prates,PT,RN,senado,oposição
88d5abe1f8cbfc8664546cb0685008b5,135858,senado,5523,5718,0.1,1,Sen. Otto Alencar,PSD,BA,senado,governo,Sen. Eliziane Gama,CIDADANIA,MA,senado,governo
88d5abe1f8cbfc8664546cb0685008b5,135858,senado,5523,5783,0.1,1,Sen. Otto Alencar,PSD,BA,senado,governo,Sen. Zenaide Maia,PROS,RN,senado,governo
88d5abe1f8cbfc8664546cb0685008b5,135858,senado,5523,5959,0.1,1,Sen. Otto Alencar,PSD,BA,senado,governo,Sen. Styvenson Valentim,PODEMOS,RN,senado,governo
88d5abe1f8cbfc8664546cb0685008b5,135858,senado,5523,5967,0.1,1,Sen. Otto Alencar,PSD,BA,senado,governo,Sen. Angelo Coronel,PSD,BA,senado,governo
88d5abe1f8cbfc8664546cb0685008b5,135858,senado,5531,5627,0.1,1,Sen. Elmano Férrer,PODEMOS,PI,senado,governo,Sen. Jean Paul Prates,PT,RN,senado,oposição
88d5abe1f8cbfc8664546cb0685008b5,135858,senado,5531,5718,0.1,1,Sen. Elmano Férrer,PODEMOS,PI,senado,governo,Sen. Eliziane Gama,CIDADANIA,MA,senado,governo
88d5abe1f8cbfc8664546cb0685008b5,135858,senado,5531,5783,0.1,1,Sen. Elmano Férrer,PODEMOS,PI,senado,governo,Sen. Zenaide Maia,PROS,RN,senado,governo
88d5abe1f8cbfc8664546cb0685008b5,135858,senado,5531,5959,0.1,1,Sen. Elmano Férrer,PODEMOS,PI,senado,governo,Sen. Styvenson Valentim,PODEMOS,RN,senado,governo
88d5abe1f8cbfc8664546cb0685008b5,135858,senado,5531,5967,0.1,1,Sen. Elmano Férrer,PODEMOS,PI,senado,governo,Sen. Angelo Coronel,PSD,BA,senado,governo
88d5abe1f8cbfc8664546cb0685008b5,135858,senado,5627,5718,0.1,1,Sen. Jean Paul Prates,PT,RN,senado,oposição,Sen. Eliziane Gama,CIDADANIA,MA,senado,governo
88d5abe1f8cbfc8664546cb0685008b5,135858,senado,5627,5783,0.1,1,Sen. Jean Paul Prates,PT,RN,senado,oposição,Sen. Zenaide Maia,PROS,RN,senado,governo
88d5abe1f8cbfc8664546cb0685008b5,135858,senado,5627,5959,0.1,1,Sen. Jean Paul Prates,PT,RN,senado,oposição,Sen. Styvenson Valentim,PODEMOS,RN,senado,governo
88d5abe1f8cbfc8664546cb0685008b5,135858,senado,5627,5967,0.1,1,Sen. Jean Paul Prates,PT,RN,senado,oposição,Sen. Angelo Coronel,PSD,BA,senado,governo
88d5abe1f8cbfc8664546cb0685008b5,135858,senado,5718,5783,0.1,1,Sen. Eliziane Gama,CIDADANIA,MA,senado,governo,Sen. Zenaide Maia,PROS,RN,senado,governo
88d5abe1f8cbfc8664546cb0685008b5,135858,senado,5718,5959,0.1,1,Sen. Eliziane Gama,CIDADANIA,MA,senado,governo,Sen. Styvenson Valentim,PODEMOS,RN,senado,governo
88d5abe1f8cbfc8664546cb0685008b5,135858,senado,5718,5967,0.1,1,Sen. Eliziane Gama,CIDADANIA,MA,senado,governo,Sen. Angelo Coronel,PSD,BA,senado,governo
88d5abe1f8cbfc8664546cb0685008b5,135858,senado,5783,5959,0.1,1,Sen. Zenaide Maia,PROS,RN,senado,governo,Sen. Styvenson Valentim,PODEMOS,RN,senado,governo
88d5abe1f8cbfc8664546cb0685008b5,135858,senado,5783,5967,0.1,1,Sen. Zenaide Maia,PROS,RN,senado,governo,Sen. Angelo Coronel,PSD,BA,senado,governo
88d5abe1f8cbfc8664546cb0685008b5,135858,senado,581,581,1,1,Sen. Jaques Wagner,PT,BA,senado,oposição,Sen. Jaques Wagner,PT,BA,senado,oposição
88d5abe1f8cbfc8664546cb0685008b5,135858,senado,5959,5967,0.1,1,Sen. Styvenson Valentim,PODEMOS,RN,senado,governo,Sen. Angelo Coronel,PSD,BA,senado,governo
88d5abe1f8cbfc8664546cb0685008b5,135858,senado,742,5008,0.1,1,Sen. Marcelo Castro,MDB,PI,senado,governo,Sen. Humberto Costa,PT,PE,senado,oposição
88d5abe1f8cbfc8664546cb0685008b5,135858,senado,742,5411,0.1,1,Sen. Marcelo Castro,MDB,PI,senado,governo,Sen. Weverton,PDT,MA,senado,oposição
88d5abe1f8cbfc8664546cb0685008b5,135858,senado,742,5523,0.1,1,Sen. Marcelo Castro,MDB,PI,senado,governo,Sen. Otto Alencar,PSD,BA,senado,governo
88d5abe1f8cbfc8664546cb0685008b5,135858,senado,742,5531,0.1,1,Sen. Marcelo Castro,MDB,PI,senado,governo,Sen. Elmano Férrer,PODEMOS,PI,senado,governo
88d5abe1f8cbfc8664546cb0685008b5,135858,senado,742,5627,0.1,1,Sen. Marcelo Castro,MDB,PI,senado,governo,Sen. Jean Paul Prates,PT,RN,senado,oposição
88d5abe1f8cbfc8664546cb0685008b5,135858,senado,742,5718,0.1,1,Sen. Marcelo Castro,MDB,PI,senado,governo,Sen. Eliziane Gama,CIDADANIA,MA,senado,governo
88d5abe1f8cbfc8664546cb0685008b5,135858,senado,742,5783,0.1,1,Sen. Marcelo Castro,MDB,PI,senado,governo,Sen. Zenaide Maia,PROS,RN,senado,governo
88d5abe1f8cbfc8664546cb0685008b5,135858,senado,742,5959,0.1,1,Sen. Marcelo Castro,MDB,PI,senado,governo,Sen. Styvenson Valentim,PODEMOS,RN,senado,governo
88d5abe1f8cbfc8664546cb0685008b5,135858,senado,742,5967,0.1,1,Sen. Marcelo Castro,MDB,PI,senado,governo,Sen. Angelo Coronel,PSD,BA,senado,governo
8abf7654fbd33384df0d5ee00bdd933b,140760,senado,151,151,1,1,Sen. Luiz Pastore,MDB,ES,senado,governo,Sen. Luiz Pastore,MDB,ES,senado,governo
8abf7654fbd33384df0d5ee00bdd933b,140760,senado,825,825,1,1,Sen. Paulo Paim,PT,RS,senado,oposição,Sen. Paulo Paim,PT,RS,senado,oposição
8d586dc2f46e2e13fed1fde33fa79f42,135717,senado,581,581,1,1,Sen. Jaques Wagner,PT,BA,senado,oposição,Sen. Jaques Wagner,PT,BA,senado,oposição
8f77140002b2c752fc00029894085851,139988,senado,5012,5012,1,1,Sen. Randolfe Rodrigues,REDE,AP,senado,oposição,Sen. Randolfe Rodrigues,REDE,AP,senado,oposição
8ff34d79d8743d54f2e2b42d5b494afe,141252,senado,581,581,1,1,Sen. Jaques Wagner,PT,BA,senado,oposição,Sen. Jaques Wagner,PT,BA,senado,oposição
90aa7f96ef7d19436c81a41b549c2b89,141764,senado,5012,5012,2,2,Sen. Randolfe Rodrigues,REDE,AP,senado,oposição,Sen. Randolfe Rodrigues,REDE,AP,senado,oposição
91223a8f8656506811b60b70e889d5f9,137404,senado,1186,1186,1,1,Sen. Luis Carlos Heinze,PP,RS,senado,governo,Sen. Luis Carlos Heinze,PP,RS,senado,governo
91223a8f8656506811b60b70e889d5f9,137404,senado,5012,5012,1,1,Sen. Randolfe Rodrigues,REDE,AP,senado,oposição,Sen. Randolfe Rodrigues,REDE,AP,senado,oposição
91223a8f8656506811b60b70e889d5f9,137404,senado,5533,5533,1,1,Sen. Lasier Martins,PODEMOS,RS,senado,governo,Sen. Lasier Martins,PODEMOS,RS,senado,governo
91223a8f8656506811b60b70e889d5f9,137404,senado,5959,5959,1,1,Sen. Styvenson Valentim,PODEMOS,RN,senado,governo,Sen. Styvenson Valentim,PODEMOS,RN,senado,governo
9365bf8da2953679ce72de33d4648f66,140818,senado,5895,5895,1,1,Sen. Jorge Kajuru,PATRIOTA,GO,senado,governo,Sen. Jorge Kajuru,PATRIOTA,GO,senado,governo
959b5bf390f42eab39380107a6320748,142024,senado,5666,5666,1,1,Sen. Major Olimpio,PSL,SP,senado,governo,Sen. Major Olimpio,PSL,SP,senado,governo
9691c5966cca049801359fe89b5166a0,138552,senado,475,475,1,1,Sen. Confúcio Moura,MDB,RO,senado,governo,Sen. Confúcio Moura,MDB,RO,senado,governo
9691c5966cca049801359fe89b5166a0,138552,senado,5953,5953,1,1,Sen. Fabiano Contarato,REDE,ES,senado,oposição,Sen. Fabiano Contarato,REDE,ES,senado,oposição
9691c5966cca049801359fe89b5166a0,138552,senado,5979,5979,2,2,Sen. Leila Barros,PSB,DF,senado,oposição,Sen. Leila Barros,PSB,DF,senado,oposição
96c662b27fd19485f4778ba1ab35cff1,142330,senado,739,739,1,1,Sen. Ciro Nogueira,PP,PI,senado,governo,Sen. Ciro Nogueira,PP,PI,senado,governo
9748f842c85768b1073df07ce4032e90,135859,senado,5748,5748,1,1,Sen. Veneziano Vital do Rêgo,PSB,PB,senado,oposição,Sen. Veneziano Vital do Rêgo,PSB,PB,senado,oposição
9748f842c85768b1073df07ce4032e90,135859,senado,581,581,1,1,Sen. Jaques Wagner,PT,BA,senado,oposição,Sen. Jaques Wagner,PT,BA,senado,oposição
978bde03130701161cdd125f2e2d57d4,141537,senado,5502,5502,2,2,Sen. Plínio Valério,PSDB,AM,senado,governo,Sen. Plínio Valério,PSDB,AM,senado,governo
997ae89110b988183db3a929f89dab1d,133385,senado,5979,5979,1,1,Sen. Leila Barros,PSB,DF,senado,oposição,Sen. Leila Barros,PSB,DF,senado,oposição
99da4c897f087ff611abdaeb5259ffe4,138337,senado,1186,1186,1,1,Sen. Luis Carlos Heinze,PP,RS,senado,governo,Sen. Luis Carlos Heinze,PP,RS,senado,governo
99da4c897f087ff611abdaeb5259ffe4,138337,senado,5502,5502,1,1,Sen. Plínio Valério,PSDB,AM,senado,governo,Sen. Plínio Valério,PSDB,AM,senado,governo
99da4c897f087ff611abdaeb5259ffe4,138337,senado,5953,5953,1,1,Sen. Fabiano Contarato,REDE,ES,senado,oposição,Sen. Fabiano Contarato,REDE,ES,senado,oposição
9beba6e170796ac2e3c566455e81b0dd,135586,senado,475,475,1,1,Sen. Confúcio Moura,MDB,RO,senado,governo,Sen. Confúcio Moura,MDB,RO,senado,governo
9beba6e170796ac2e3c566455e81b0dd,135586,senado,4770,4770,1,1,Sen. Izalci Lucas,PSDB,DF,senado,governo,Sen. Izalci Lucas,PSDB,DF,senado,governo
9beba6e170796ac2e3c566455e81b0dd,135586,senado,5783,5783,1,1,Sen. Zenaide Maia,PROS,RN,senado,governo,Sen. Zenaide Maia,PROS,RN,senado,governo
9bf8748d316c4477868db3932db87f60,135801,senado,285,285,1,1,Sen. Marcio Bittar,MDB,AC,senado,governo,Sen. Marcio Bittar,MDB,AC,senado,governo
9bf8748d316c4477868db3932db87f60,135801,senado,5012,5012,1,1,Sen. Randolfe Rodrigues,REDE,AP,senado,oposição,Sen. Randolfe Rodrigues,REDE,AP,senado,oposição
9bf8748d316c4477868db3932db87f60,135801,senado,6027,6027,1,1,Sen. Mecias de Jesus,REPUBLICANOS,RR,senado,governo,Sen. Mecias de Jesus,REPUBLICANOS,RR,senado,governo
9c581eea6c5862113234baa0372bc44c,145213,senado,5376,5376,1,1,Sen. Mara Gabrilli,PSDB,SP,senado,governo,Sen. Mara Gabrilli,PSDB,SP,senado,governo
9c581eea6c5862113234baa0372bc44c,145213,senado,5376,5953,0.5,1,Sen. Mara Gabrilli,PSDB,SP,senado,governo,Sen. Fabiano Contarato,REDE,ES,senado,oposição
9c9dcf8210afeb68df3c972520f58eeb,137437,senado,1186,1186,1,1,Sen. Luis Carlos Heinze,PP,RS,senado,governo,Sen. Luis Carlos Heinze,PP,RS,senado,governo
9c9dcf8210afeb68df3c972520f58eeb,137437,senado,5982,5982,5,5,Sen. Alessandro Vieira,CIDADANIA,SE,senado,governo,Sen. Alessandro Vieira,CIDADANIA,SE,senado,governo
9e8cf621c0ff25f4d2dbdd4b0070093f,141238,senado,5985,5985,1,1,Sen. Nelsinho Trad,PSD,MS,senado,governo,Sen. Nelsinho Trad,PSD,MS,senado,governo
a09b639691bf7971bcfbf2a1d0a92fe3,136643,senado,2331,2331,1,1,Sen. Rose de Freitas,PODEMOS,ES,senado,governo,Sen. Rose de Freitas,PODEMOS,ES,senado,governo
a09b639691bf7971bcfbf2a1d0a92fe3,136643,senado,5990,5990,2,2,Sen. Carlos Viana,PSD,MG,senado,governo,Sen. Carlos Viana,PSD,MG,senado,governo
a0c420b144c600634a5e258c2a94a1f5,135602,senado,5411,5411,2,2,Sen. Weverton,PDT,MA,senado,oposição,Sen. Weverton,PDT,MA,senado,oposição
a0c420b144c600634a5e258c2a94a1f5,135602,senado,5533,5533,1,1,Sen. Lasier Martins,PODEMOS,RS,senado,governo,Sen. Lasier Martins,PODEMOS,RS,senado,governo
a2fb06e44cb548d95fa3144ce7a6c2ba,136339,senado,5533,5533,1,1,Sen. Lasier Martins,PODEMOS,RS,senado,governo,Sen. Lasier Martins,PODEMOS,RS,senado,governo
a534d78618d3fa7d51ebb1fed82e7395,138812,senado,5895,5895,1,1,Sen. Jorge Kajuru,PATRIOTA,GO,senado,governo,Sen. Jorge Kajuru,PATRIOTA,GO,senado,governo
a7d1954317d49860e7d094740c4cb59c,135175,senado,3806,4994,0.1,1,Sen. Zequinha Marinho,PSC,PA,senado,governo,Sen. Eduardo Braga,MDB,AM,senado,governo
a7d1954317d49860e7d094740c4cb59c,135175,senado,3806,5012,0.1,1,Sen. Zequinha Marinho,PSC,PA,senado,governo,Sen. Randolfe Rodrigues,REDE,AP,senado,oposição
a7d1954317d49860e7d094740c4cb59c,135175,senado,3806,5411,0.1,1,Sen. Zequinha Marinho,PSC,PA,senado,governo,Sen. Weverton,PDT,MA,senado,oposição
a7d1954317d49860e7d094740c4cb59c,135175,senado,3806,5540,0.1,1,Sen. Zequinha Marinho,PSC,PA,senado,governo,Sen. Fernando Bezerra Coelho,MDB,PE,senado,governo
a7d1954317d49860e7d094740c4cb59c,135175,senado,3806,5732,0.1,1,Sen. Zequinha Marinho,PSC,PA,senado,governo,Sen. Rodrigo Pacheco,DEM,MG,senado,governo
a7d1954317d49860e7d094740c4cb59c,135175,senado,3806,5976,0.1,1,Sen. Zequinha Marinho,PSC,PA,senado,governo,Sen. Eduardo Girão,PODEMOS,CE,senado,governo
a7d1954317d49860e7d094740c4cb59c,135175,senado,3806,5982,0.1,1,Sen. Zequinha Marinho,PSC,PA,senado,governo,Sen. Alessandro Vieira,CIDADANIA,SE,senado,governo
a7d1954317d49860e7d094740c4cb59c,135175,senado,3806,5998,0.1,1,Sen. Zequinha Marinho,PSC,PA,senado,governo,Sen. Daniella Ribeiro,PP,PB,senado,governo
a7d1954317d49860e7d094740c4cb59c,135175,senado,3806,6027,0.1,1,Sen. Zequinha Marinho,PSC,PA,senado,governo,Sen. Mecias de Jesus,REPUBLICANOS,RR,senado,governo
a7d1954317d49860e7d094740c4cb59c,135175,senado,4994,5012,0.1,1,Sen. Eduardo Braga,MDB,AM,senado,governo,Sen. Randolfe Rodrigues,REDE,AP,senado,oposição
a7d1954317d49860e7d094740c4cb59c,135175,senado,4994,5411,0.1,1,Sen. Eduardo Braga,MDB,AM,senado,governo,Sen. Weverton,PDT,MA,senado,oposição
a7d1954317d49860e7d094740c4cb59c,135175,senado,4994,5540,0.1,1,Sen. Eduardo Braga,MDB,AM,senado,governo,Sen. Fernando Bezerra Coelho,MDB,PE,senado,governo
a7d1954317d49860e7d094740c4cb59c,135175,senado,4994,5732,0.1,1,Sen. Eduardo Braga,MDB,AM,senado,governo,Sen. Rodrigo Pacheco,DEM,MG,senado,governo
a7d1954317d49860e7d094740c4cb59c,135175,senado,4994,5976,0.1,1,Sen. Eduardo Braga,MDB,AM,senado,governo,Sen. Eduardo Girão,PODEMOS,CE,senado,governo
a7d1954317d49860e7d094740c4cb59c,135175,senado,4994,5982,0.1,1,Sen. Eduardo Braga,MDB,AM,senado,governo,Sen. Alessandro Vieira,CIDADANIA,SE,senado,governo
a7d1954317d49860e7d094740c4cb59c,135175,senado,4994,5998,0.1,1,Sen. Eduardo Braga,MDB,AM,senado,governo,Sen. Daniella Ribeiro,PP,PB,senado,governo
a7d1954317d49860e7d094740c4cb59c,135175,senado,4994,6027,0.1,1,Sen. Eduardo Braga,MDB,AM,senado,governo,Sen. Mecias de Jesus,REPUBLICANOS,RR,senado,governo
a7d1954317d49860e7d094740c4cb59c,135175,senado,5012,5411,0.1,1,Sen. Randolfe Rodrigues,REDE,AP,senado,oposição,Sen. Weverton,PDT,MA,senado,oposição
a7d1954317d49860e7d094740c4cb59c,135175,senado,5012,5540,0.1,1,Sen. Randolfe Rodrigues,REDE,AP,senado,oposição,Sen. Fernando Bezerra Coelho,MDB,PE,senado,governo
a7d1954317d49860e7d094740c4cb59c,135175,senado,5012,5732,0.1,1,Sen. Randolfe Rodrigues,REDE,AP,senado,oposição,Sen. Rodrigo Pacheco,DEM,MG,senado,governo
a7d1954317d49860e7d094740c4cb59c,135175,senado,5012,5976,0.1,1,Sen. Randolfe Rodrigues,REDE,AP,senado,oposição,Sen. Eduardo Girão,PODEMOS,CE,senado,governo
a7d1954317d49860e7d094740c4cb59c,135175,senado,5012,5982,0.1,1,Sen. Randolfe Rodrigues,REDE,AP,senado,oposição,Sen. Alessandro Vieira,CIDADANIA,SE,senado,governo
a7d1954317d49860e7d094740c4cb59c,135175,senado,5012,5998,0.1,1,Sen. Randolfe Rodrigues,REDE,AP,senado,oposição,Sen. Daniella Ribeiro,PP,PB,senado,governo
a7d1954317d49860e7d094740c4cb59c,135175,senado,5012,6027,0.1,1,Sen. Randolfe Rodrigues,REDE,AP,senado,oposição,Sen. Mecias de Jesus,REPUBLICANOS,RR,senado,governo
a7d1954317d49860e7d094740c4cb59c,135175,senado,5411,5540,0.1,1,Sen. Weverton,PDT,MA,senado,oposição,Sen. Fernando Bezerra Coelho,MDB,PE,senado,governo
a7d1954317d49860e7d094740c4cb59c,135175,senado,5411,5732,0.1,1,Sen. Weverton,PDT,MA,senado,oposição,Sen. Rodrigo Pacheco,DEM,MG,senado,governo
a7d1954317d49860e7d094740c4cb59c,135175,senado,5411,5976,0.1,1,Sen. Weverton,PDT,MA,senado,oposição,Sen. Eduardo Girão,PODEMOS,CE,senado,governo
a7d1954317d49860e7d094740c4cb59c,135175,senado,5411,5982,0.1,1,Sen. Weverton,PDT,MA,senado,oposição,Sen. Alessandro Vieira,CIDADANIA,SE,senado,governo
a7d1954317d49860e7d094740c4cb59c,135175,senado,5411,5998,0.1,1,Sen. Weverton,PDT,MA,senado,oposição,Sen. Daniella Ribeiro,PP,PB,senado,governo
a7d1954317d49860e7d094740c4cb59c,135175,senado,5411,6027,0.1,1,Sen. Weverton,PDT,MA,senado,oposição,Sen. Mecias de Jesus,REPUBLICANOS,RR,senado,governo
a7d1954317d49860e7d094740c4cb59c,135175,senado,5535,5535,3,3,Sen. Telmário Mota,PROS,RR,senado,governo,Sen. Telmário Mota,PROS,RR,senado,governo
a7d1954317d49860e7d094740c4cb59c,135175,senado,5540,5732,0.1,1,Sen. Fernando Bezerra Coelho,MDB,PE,senado,governo,Sen. Rodrigo Pacheco,DEM,MG,senado,governo
a7d1954317d49860e7d094740c4cb59c,135175,senado,5540,5976,0.1,1,Sen. Fernando Bezerra Coelho,MDB,PE,senado,governo,Sen. Eduardo Girão,PODEMOS,CE,senado,governo
a7d1954317d49860e7d094740c4cb59c,135175,senado,5540,5982,0.1,1,Sen. Fernando Bezerra Coelho,MDB,PE,senado,governo,Sen. Alessandro Vieira,CIDADANIA,SE,senado,governo
a7d1954317d49860e7d094740c4cb59c,135175,senado,5540,5998,0.1,1,Sen. Fernando Bezerra Coelho,MDB,PE,senado,governo,Sen. Daniella Ribeiro,PP,PB,senado,governo
a7d1954317d49860e7d094740c4cb59c,135175,senado,5540,6027,0.1,1,Sen. Fernando Bezerra Coelho,MDB,PE,senado,governo,Sen. Mecias de Jesus,REPUBLICANOS,RR,senado,governo
a7d1954317d49860e7d094740c4cb59c,135175,senado,5732,5976,0.1,1,Sen. Rodrigo Pacheco,DEM,MG,senado,governo,Sen. Eduardo Girão,PODEMOS,CE,senado,governo
a7d1954317d49860e7d094740c4cb59c,135175,senado,5732,5982,0.1,1,Sen. Rodrigo Pacheco,DEM,MG,senado,governo,Sen. Alessandro Vieira,CIDADANIA,SE,senado,governo
a7d1954317d49860e7d094740c4cb59c,135175,senado,5732,5998,0.1,1,Sen. Rodrigo Pacheco,DEM,MG,senado,governo,Sen. Daniella Ribeiro,PP,PB,senado,governo
a7d1954317d49860e7d094740c4cb59c,135175,senado,5732,6027,0.1,1,Sen. Rodrigo Pacheco,DEM,MG,senado,governo,Sen. Mecias de Jesus,REPUBLICANOS,RR,senado,governo
a7d1954317d49860e7d094740c4cb59c,135175,senado,5976,5982,0.1,1,Sen. Eduardo Girão,PODEMOS,CE,senado,governo,Sen. Alessandro Vieira,CIDADANIA,SE,senado,governo
a7d1954317d49860e7d094740c4cb59c,135175,senado,5976,5998,0.1,1,Sen. Eduardo Girão,PODEMOS,CE,senado,governo,Sen. Daniella Ribeiro,PP,PB,senado,governo
a7d1954317d49860e7d094740c4cb59c,135175,senado,5976,6027,0.1,1,Sen. Eduardo Girão,PODEMOS,CE,senado,governo,Sen. Mecias de Jesus,REPUBLICANOS,RR,senado,governo
a7d1954317d49860e7d094740c4cb59c,135175,senado,5982,5998,0.1,1,Sen. Alessandro Vieira,CIDADANIA,SE,senado,governo,Sen. Daniella Ribeiro,PP,PB,senado,governo
a7d1954317d49860e7d094740c4cb59c,135175,senado,5982,6027,0.1,1,Sen. Alessandro Vieira,CIDADANIA,SE,senado,governo,Sen. Mecias de Jesus,REPUBLICANOS,RR,senado,governo
a7d1954317d49860e7d094740c4cb59c,135175,senado,5998,6027,0.1,1,Sen. Daniella Ribeiro,PP,PB,senado,governo,Sen. Mecias de Jesus,REPUBLICANOS,RR,senado,governo
a7d1954317d49860e7d094740c4cb59c,135175,senado,6027,6027,1,1,Sen. Mecias de Jesus,REPUBLICANOS,RR,senado,governo,Sen. Mecias de Jesus,REPUBLICANOS,RR,senado,governo
a8627a07771b873fb5cd7ae6b362b83e,138694,senado,5535,5535,1,1,Sen. Telmário Mota,PROS,RR,senado,governo,Sen. Telmário Mota,PROS,RR,senado,governo
a8af7c72fedf2e5d0e7494f6df53ed42,139596,senado,5012,5012,1,1,Sen. Randolfe Rodrigues,REDE,AP,senado,oposição,Sen. Randolfe Rodrigues,REDE,AP,senado,oposição
a98c975933546144cd9213d71bca3172,143914,senado,475,475,1,1,Sen. Confúcio Moura,MDB,RO,senado,governo,Sen. Confúcio Moura,MDB,RO,senado,governo
ab7c44749de98a6d60b967a27755fac2,133639,senado,5985,5985,2,2,Sen. Nelsinho Trad,PSD,MS,senado,governo,Sen. Nelsinho Trad,PSD,MS,senado,governo
aba7a0647180a3b37c576f07cf8de76b,138126,senado,3806,3806,1,1,Sen. Zequinha Marinho,PSC,PA,senado,governo,Sen. Zequinha Marinho,PSC,PA,senado,governo
abd12935c2bfaa6ded47f2a7c5fe75eb,136084,senado,1186,1186,1,1,Sen. Luis Carlos Heinze,PP,RS,senado,governo,Sen. Luis Carlos Heinze,PP,RS,senado,governo
abd12935c2bfaa6ded47f2a7c5fe75eb,136084,senado,5533,5533,1,1,Sen. Lasier Martins,PODEMOS,RS,senado,governo,Sen. Lasier Martins,PODEMOS,RS,senado,governo
ad9a166563c2b6a16683d400807968cd,135158,senado,5535,5535,1,1,Sen. Telmário Mota,PROS,RR,senado,governo,Sen. Telmário Mota,PROS,RR,senado,governo
ad9a166563c2b6a16683d400807968cd,135158,senado,5666,5666,1,1,Sen. Major Olimpio,PSL,SP,senado,governo,Sen. Major Olimpio,PSL,SP,senado,governo
aee869ac22101da1ca80553ef1b48ce7,137797,senado,4981,4981,3,3,Sen. Acir Gurgacz,PDT,RO,senado,oposição,Sen. Acir Gurgacz,PDT,RO,senado,oposição
aee869ac22101da1ca80553ef1b48ce7,137797,senado,5967,5967,1,1,Sen. Angelo Coronel,PSD,BA,senado,governo,Sen. Angelo Coronel,PSD,BA,senado,governo
b07a1fa9fc92647d95996f1cf2d0e050,137653,senado,5718,5718,1,1,Sen. Eliziane Gama,CIDADANIA,MA,senado,governo,Sen. Eliziane Gama,CIDADANIA,MA,senado,governo
b13f04a8f0ab04cb00b386a7ff0dddea,141233,senado,5535,5535,1,1,Sen. Telmário Mota,PROS,RR,senado,governo,Sen. Telmário Mota,PROS,RR,senado,governo
b30909e0fad108356a248b287aad8487,135244,senado,5533,5533,1,1,Sen. Lasier Martins,PODEMOS,RS,senado,governo,Sen. Lasier Martins,PODEMOS,RS,senado,governo
b30909e0fad108356a248b287aad8487,135244,senado,945,945,2,2,Sen. Alvaro Dias,PODEMOS,PR,senado,governo,Sen. Alvaro Dias,PODEMOS,PR,senado,governo
b3ecc73d08f5b4d6ec87341e7223f5c9,140347,senado,1186,1186,1,1,Sen. Luis Carlos Heinze,PP,RS,senado,governo,Sen. Luis Carlos Heinze,PP,RS,senado,governo
b4b7bb2ce226e8d5c143a3b0df65bb0f,139527,senado,3806,3806,1,1,Sen. Zequinha Marinho,PSC,PA,senado,governo,Sen. Zequinha Marinho,PSC,PA,senado,governo
b4b7bb2ce226e8d5c143a3b0df65bb0f,139527,senado,5953,5953,2,2,Sen. Fabiano Contarato,REDE,ES,senado,oposição,Sen. Fabiano Contarato,REDE,ES,senado,oposição
b4e00c2acb1cc853830656037e5deb7d,145031,senado,5953,5953,1,1,Sen. Fabiano Contarato,REDE,ES,senado,oposição,Sen. Fabiano Contarato,REDE,ES,senado,oposição
b4e00c2acb1cc853830656037e5deb7d,145031,senado,5953,5979,0.5,1,Sen. Fabiano Contarato,REDE,ES,senado,oposição,Sen. Leila Barros,PSB,DF,senado,oposição
b5538ce6f5ee64cbc724580efe60b347,138480,senado,5718,5718,1,1,Sen. Eliziane Gama,CIDADANIA,MA,senado,governo,Sen. Eliziane Gama,CIDADANIA,MA,senado,governo
b5538ce6f5ee64cbc724580efe60b347,138480,senado,5982,5982,1,1,Sen. Alessandro Vieira,CIDADANIA,SE,senado,governo,Sen. Alessandro Vieira,CIDADANIA,SE,senado,governo
b6623595facee83a19d1004c11957b9b,139966,senado,5718,5718,1,1,Sen. Eliziane Gama,CIDADANIA,MA,senado,governo,Sen. Eliziane Gama,CIDADANIA,MA,senado,governo
b74153bc72d64fb641696373fe616c73,139839,senado,1173,1173,1,1,Sen. Wellington Fagundes,PL,MT,senado,governo,Sen. Wellington Fagundes,PL,MT,senado,governo
b74153bc72d64fb641696373fe616c73,139839,senado,5012,5012,1,1,Sen. Randolfe Rodrigues,REDE,AP,senado,oposição,Sen. Randolfe Rodrigues,REDE,AP,senado,oposição
b8b7b29c9cec9e90d28283d2e14e674d,136371,senado,285,5894,1,2,Sen. Marcio Bittar,MDB,AC,senado,governo,Sen. Flávio Bolsonaro,PSL,RJ,senado,governo
b8b7b29c9cec9e90d28283d2e14e674d,136371,senado,5529,5529,1,1,Sen. Antonio Anastasia,PSD,MG,senado,governo,Sen. Antonio Anastasia,PSD,MG,senado,governo
b8b7b29c9cec9e90d28283d2e14e674d,136371,senado,5953,5953,1,1,Sen. Fabiano Contarato,REDE,ES,senado,oposição,Sen. Fabiano Contarato,REDE,ES,senado,oposição
b8b7b29c9cec9e90d28283d2e14e674d,136371,senado,677,677,1,1,Sen. Roberto Rocha,PSDB,MA,senado,governo,Sen. Roberto Rocha,PSDB,MA,senado,governo
ba02a4fc04e044ebc374c08651fbeba1,141808,senado,5385,5385,2,2,Sen. Irajá,PSD,TO,senado,governo,Sen. Irajá,PSD,TO,senado,governo
ba9b9c25cbb737369245a9b06d6cff42,140534,senado,1173,1173,1,1,Sen. Wellington Fagundes,PL,MT,senado,governo,Sen. Wellington Fagundes,PL,MT,senado,governo
ba9b9c25cbb737369245a9b06d6cff42,140534,senado,22,22,2,2,Sen. Esperidião Amin,PP,SC,senado,governo,Sen. Esperidião Amin,PP,SC,senado,governo
ba9b9c25cbb737369245a9b06d6cff42,140534,senado,2331,2331,6,6,Sen. Rose de Freitas,PODEMOS,ES,senado,governo,Sen. Rose de Freitas,PODEMOS,ES,senado,governo
ba9b9c25cbb737369245a9b06d6cff42,140534,senado,3396,3396,3,3,Sen. Tasso Jereissati,PSDB,CE,senado,governo,Sen. Tasso Jereissati,PSDB,CE,senado,governo
ba9b9c25cbb737369245a9b06d6cff42,140534,senado,35,35,1,1,Sen. Jader Barbalho,MDB,PA,senado,governo,Sen. Jader Barbalho,MDB,PA,senado,governo
ba9b9c25cbb737369245a9b06d6cff42,140534,senado,374,374,2,2,Sen. Paulo Rocha,PT,PA,senado,oposição,Sen. Paulo Rocha,PT,PA,senado,oposição
ba9b9c25cbb737369245a9b06d6cff42,140534,senado,374,5352,1.25,3,Sen. Paulo Rocha,PT,PA,senado,oposição,Sen. Rogério Carvalho,PT,SE,senado,oposição
ba9b9c25cbb737369245a9b06d6cff42,140534,senado,374,5627,0.25,1,Sen. Paulo Rocha,PT,PA,senado,oposição,Sen. Jean Paul Prates,PT,RN,senado,oposição
ba9b9c25cbb737369245a9b06d6cff42,140534,senado,374,5783,0.25,1,Sen. Paulo Rocha,PT,PA,senado,oposição,Sen. Zenaide Maia,PROS,RN,senado,governo
ba9b9c25cbb737369245a9b06d6cff42,140534,senado,4770,4770,1,1,Sen. Izalci Lucas,PSDB,DF,senado,governo,Sen. Izalci Lucas,PSDB,DF,senado,governo
ba9b9c25cbb737369245a9b06d6cff42,140534,senado,4994,4994,9,9,Sen. Eduardo Braga,MDB,AM,senado,governo,Sen. Eduardo Braga,MDB,AM,senado,governo
ba9b9c25cbb737369245a9b06d6cff42,140534,senado,5012,5012,14,14,Sen. Randolfe Rodrigues,REDE,AP,senado,oposição,Sen. Randolfe Rodrigues,REDE,AP,senado,oposição
ba9b9c25cbb737369245a9b06d6cff42,140534,senado,5352,5352,15,15,Sen. Rogério Carvalho,PT,SE,senado,oposição,Sen. Rogério Carvalho,PT,SE,senado,oposição
ba9b9c25cbb737369245a9b06d6cff42,140534,senado,5352,5627,0.25,1,Sen. Rogério Carvalho,PT,SE,senado,oposição,Sen. Jean Paul Prates,PT,RN,senado,oposição
ba9b9c25cbb737369245a9b06d6cff42,140534,senado,5352,5783,0.25,1,Sen. Rogério Carvalho,PT,SE,senado,oposição,Sen. Zenaide Maia,PROS,RN,senado,governo
ba9b9c25cbb737369245a9b06d6cff42,140534,senado,5411,5411,10,10,Sen. Weverton,PDT,MA,senado,oposição,Sen. Weverton,PDT,MA,senado,oposição
ba9b9c25cbb737369245a9b06d6cff42,140534,senado,5523,5523,1,1,Sen. Otto Alencar,PSD,BA,senado,governo,Sen. Otto Alencar,PSD,BA,senado,governo
ba9b9c25cbb737369245a9b06d6cff42,140534,senado,5533,5533,1,1,Sen. Lasier Martins,PODEMOS,RS,senado,governo,Sen. Lasier Martins,PODEMOS,RS,senado,governo
ba9b9c25cbb737369245a9b06d6cff42,140534,senado,5535,5535,2,2,Sen. Telmário Mota,PROS,RR,senado,governo,Sen. Telmário Mota,PROS,RR,senado,governo
ba9b9c25cbb737369245a9b06d6cff42,140534,senado,5585,5585,1,1,Sen. Luiz do Carmo,MDB,GO,senado,governo,Sen. Luiz do Carmo,MDB,GO,senado,governo
ba9b9c25cbb737369245a9b06d6cff42,140534,senado,5627,5627,1,1,Sen. Jean Paul Prates,PT,RN,senado,oposição,Sen. Jean Paul Prates,PT,RN,senado,oposição
ba9b9c25cbb737369245a9b06d6cff42,140534,senado,5627,5783,0.25,1,Sen. Jean Paul Prates,PT,RN,senado,oposição,Sen. Zenaide Maia,PROS,RN,senado,governo
ba9b9c25cbb737369245a9b06d6cff42,140534,senado,5718,5718,2,2,Sen. Eliziane Gama,CIDADANIA,MA,senado,governo,Sen. Eliziane Gama,CIDADANIA,MA,senado,governo
ba9b9c25cbb737369245a9b06d6cff42,140534,senado,5732,5732,4,4,Sen. Rodrigo Pacheco,DEM,MG,senado,governo,Sen. Rodrigo Pacheco,DEM,MG,senado,governo
ba9b9c25cbb737369245a9b06d6cff42,140534,senado,5748,5748,19,19,Sen. Veneziano Vital do Rêgo,PSB,PB,senado,oposição,Sen. Veneziano Vital do Rêgo,PSB,PB,senado,oposição
ba9b9c25cbb737369245a9b06d6cff42,140534,senado,5783,5783,3,3,Sen. Zenaide Maia,PROS,RN,senado,governo,Sen. Zenaide Maia,PROS,RN,senado,governo
ba9b9c25cbb737369245a9b06d6cff42,140534,senado,581,581,2,2,Sen. Jaques Wagner,PT,BA,senado,oposição,Sen. Jaques Wagner,PT,BA,senado,oposição
ba9b9c25cbb737369245a9b06d6cff42,140534,senado,5895,5895,3,3,Sen. Jorge Kajuru,PATRIOTA,GO,senado,governo,Sen. Jorge Kajuru,PATRIOTA,GO,senado,governo
ba9b9c25cbb737369245a9b06d6cff42,140534,senado,5905,5905,1,1,Sen. Rodrigo Cunha,PSDB,AL,senado,governo,Sen. Rodrigo Cunha,PSDB,AL,senado,governo
ba9b9c25cbb737369245a9b06d6cff42,140534,senado,5942,5942,1,1,Sen. Marcos do Val,PODEMOS,ES,senado,governo,Sen. Marcos do Val,PODEMOS,ES,senado,governo
ba9b9c25cbb737369245a9b06d6cff42,140534,senado,5953,5953,8,8,Sen. Fabiano Contarato,REDE,ES,senado,oposição,Sen. Fabiano Contarato,REDE,ES,senado,oposição
ba9b9c25cbb737369245a9b06d6cff42,140534,senado,5979,5979,1,1,Sen. Leila Barros,PSB,DF,senado,oposição,Sen. Leila Barros,PSB,DF,senado,oposição
ba9b9c25cbb737369245a9b06d6cff42,140534,senado,5982,5982,1,1,Sen. Alessandro Vieira,CIDADANIA,SE,senado,governo,Sen. Alessandro Vieira,CIDADANIA,SE,senado,governo
ba9b9c25cbb737369245a9b06d6cff42,140534,senado,6027,6027,1,1,Sen. Mecias de Jesus,REPUBLICANOS,RR,senado,governo,Sen. Mecias de Jesus,REPUBLICANOS,RR,senado,governo
ba9b9c25cbb737369245a9b06d6cff42,140534,senado,945,945,2,2,Sen. Alvaro Dias,PODEMOS,PR,senado,governo,Sen. Alvaro Dias,PODEMOS,PR,senado,governo
bb11bd8140ae5e01dbf0944857bc71e9,137008,senado,5748,5748,1,1,Sen. Veneziano Vital do Rêgo,PSB,PB,senado,oposição,Sen. Veneziano Vital do Rêgo,PSB,PB,senado,oposição
bb11bd8140ae5e01dbf0944857bc71e9,137008,senado,5982,5982,1,1,Sen. Alessandro Vieira,CIDADANIA,SE,senado,governo,Sen. Alessandro Vieira,CIDADANIA,SE,senado,governo
bddfa2d0a0bccaf4030f275e55c844c9,145598,senado,5990,5990,1,1,Sen. Carlos Viana,PSD,MG,senado,governo,Sen. Carlos Viana,PSD,MG,senado,governo
c06ff882858cb0cf9a277734a8b52309,144969,senado,35,35,1,1,Sen. Jader Barbalho,MDB,PA,senado,governo,Sen. Jader Barbalho,MDB,PA,senado,governo
c0826fb96df3117e7e494d6ea71f2f7b,144993,senado,470,470,1,1,Sen. Chico Rodrigues,DEM,RR,senado,governo,Sen. Chico Rodrigues,DEM,RR,senado,governo
c08ac5eecb70a8d884aafbd636f5e3d9,139856,senado,4770,4770,2,2,Sen. Izalci Lucas,PSDB,DF,senado,governo,Sen. Izalci Lucas,PSDB,DF,senado,governo
c08ac5eecb70a8d884aafbd636f5e3d9,139856,senado,5748,5748,1,1,Sen. Veneziano Vital do Rêgo,PSB,PB,senado,oposição,Sen. Veneziano Vital do Rêgo,PSB,PB,senado,oposição
c08ac5eecb70a8d884aafbd636f5e3d9,139856,senado,825,825,1,1,Sen. Paulo Paim,PT,RS,senado,oposição,Sen. Paulo Paim,PT,RS,senado,oposição
c20da5fe61863159a382e7454add4e99,132156,senado,5979,5979,3,3,Sen. Leila Barros,PSB,DF,senado,oposição,Sen. Leila Barros,PSB,DF,senado,oposição
c3ffb2d938e9cf73197d8731aa6c3255,142690,senado,5352,5352,1,1,Sen. Rogério Carvalho,PT,SE,senado,oposição,Sen. Rogério Carvalho,PT,SE,senado,oposição
c3ffb2d938e9cf73197d8731aa6c3255,142690,senado,5529,5529,2,2,Sen. Antonio Anastasia,PSD,MG,senado,governo,Sen. Antonio Anastasia,PSD,MG,senado,governo
c3ffb2d938e9cf73197d8731aa6c3255,142690,senado,5718,5718,1,1,Sen. Eliziane Gama,CIDADANIA,MA,senado,governo,Sen. Eliziane Gama,CIDADANIA,MA,senado,governo
c7b6bcd6022b6818e3f8314d05ce2afb,144966,senado,374,374,1,1,Sen. Paulo Rocha,PT,PA,senado,oposição,Sen. Paulo Rocha,PT,PA,senado,oposição
c7b6bcd6022b6818e3f8314d05ce2afb,144966,senado,374,5008,0.25,1,Sen. Paulo Rocha,PT,PA,senado,oposição,Sen. Humberto Costa,PT,PE,senado,oposição
c7b6bcd6022b6818e3f8314d05ce2afb,144966,senado,374,5352,0.25,1,Sen. Paulo Rocha,PT,PA,senado,oposição,Sen. Rogério Carvalho,PT,SE,senado,oposição
c7b6bcd6022b6818e3f8314d05ce2afb,144966,senado,374,581,0.25,1,Sen. Paulo Rocha,PT,PA,senado,oposição,Sen. Jaques Wagner,PT,BA,senado,oposição
c7b6bcd6022b6818e3f8314d05ce2afb,144966,senado,5008,5008,1,1,Sen. Humberto Costa,PT,PE,senado,oposição,Sen. Humberto Costa,PT,PE,senado,oposição
c7b6bcd6022b6818e3f8314d05ce2afb,144966,senado,5008,5352,0.25,1,Sen. Humberto Costa,PT,PE,senado,oposição,Sen. Rogério Carvalho,PT,SE,senado,oposição
c7b6bcd6022b6818e3f8314d05ce2afb,144966,senado,5352,5352,1,1,Sen. Rogério Carvalho,PT,SE,senado,oposição,Sen. Rogério Carvalho,PT,SE,senado,oposição
c7b6bcd6022b6818e3f8314d05ce2afb,144966,senado,581,5008,0.25,1,Sen. Jaques Wagner,PT,BA,senado,oposição,Sen. Humberto Costa,PT,PE,senado,oposição
c7b6bcd6022b6818e3f8314d05ce2afb,144966,senado,581,5352,0.25,1,Sen. Jaques Wagner,PT,BA,senado,oposição,Sen. Rogério Carvalho,PT,SE,senado,oposição
c9f0b0979086bb844be663a309d34a46,135117,senado,6027,6027,1,1,Sen. Mecias de Jesus,REPUBLICANOS,RR,senado,governo,Sen. Mecias de Jesus,REPUBLICANOS,RR,senado,governo
ca3f10dd9ddb8b43db025b84e0f231e9,137850,senado,4770,4770,1,1,Sen. Izalci Lucas,PSDB,DF,senado,governo,Sen. Izalci Lucas,PSDB,DF,senado,governo
ca3f10dd9ddb8b43db025b84e0f231e9,137850,senado,5895,5895,1,1,Sen. Jorge Kajuru,PATRIOTA,GO,senado,governo,Sen. Jorge Kajuru,PATRIOTA,GO,senado,governo
cc265921abc63c5090042f84ecce26fb,143587,senado,1249,1249,1,1,Sen. Kátia Abreu,PP,TO,senado,governo,Sen. Kátia Abreu,PP,TO,senado,governo
cc265921abc63c5090042f84ecce26fb,143587,senado,178970,178970,1,1,Dep. João Daniel,PT,SE,camara,oposição,Dep. João Daniel,PT,SE,camara,oposição
cc265921abc63c5090042f84ecce26fb,143587,senado,2331,2331,1,1,Sen. Rose de Freitas,PODEMOS,ES,senado,governo,Sen. Rose de Freitas,PODEMOS,ES,senado,governo
cc265921abc63c5090042f84ecce26fb,143587,senado,374,374,3,3,Sen. Paulo Rocha,PT,PA,senado,oposição,Sen. Paulo Rocha,PT,PA,senado,oposição
cc265921abc63c5090042f84ecce26fb,143587,senado,5012,5012,1,1,Sen. Randolfe Rodrigues,REDE,AP,senado,oposição,Sen. Randolfe Rodrigues,REDE,AP,senado,oposição
cc265921abc63c5090042f84ecce26fb,143587,senado,5352,5352,1,1,Sen. Rogério Carvalho,PT,SE,senado,oposição,Sen. Rogério Carvalho,PT,SE,senado,oposição
cc265921abc63c5090042f84ecce26fb,143587,senado,5585,5585,1,1,Sen. Luiz do Carmo,MDB,GO,senado,governo,Sen. Luiz do Carmo,MDB,GO,senado,governo
cc265921abc63c5090042f84ecce26fb,143587,senado,5953,5953,2,2,Sen. Fabiano Contarato,REDE,ES,senado,oposição,Sen. Fabiano Contarato,REDE,ES,senado,oposição
cc265921abc63c5090042f84ecce26fb,143587,senado,825,825,1,1,Sen. Paulo Paim,PT,RS,senado,oposição,Sen. Paulo Paim,PT,RS,senado,oposição
cce46205998c93683aeaccbf9b42d6c4,141446,senado,5422,5422,2,2,Sen. Marcos Rogério,DEM,RO,senado,governo,Sen. Marcos Rogério,DEM,RO,senado,governo
d015c5e324b9f1e9802bf27a39d4f6de,135179,senado,5012,5012,3,3,Sen. Randolfe Rodrigues,REDE,AP,senado,oposição,Sen. Randolfe Rodrigues,REDE,AP,senado,oposição
d015c5e324b9f1e9802bf27a39d4f6de,135179,senado,5533,5533,1,1,Sen. Lasier Martins,PODEMOS,RS,senado,governo,Sen. Lasier Martins,PODEMOS,RS,senado,governo
d06af397c36c095c5231c2122fc6f7b5,145420,senado,5953,5953,1,1,Sen. Fabiano Contarato,REDE,ES,senado,oposição,Sen. Fabiano Contarato,REDE,ES,senado,oposição
d450fe4457ccf95699d47d7065b6f90d,136287,senado,475,475,1,1,Sen. Confúcio Moura,MDB,RO,senado,governo,Sen. Confúcio Moura,MDB,RO,senado,governo
d6e50d85963fb11027eb81cf33bd9284,135207,senado,5350,5350,1,1,Sen. Jorginho Mello,PL,SC,senado,governo,Sen. Jorginho Mello,PL,SC,senado,governo
d8a02979d2829415b1b87a300ce96d86,137118,senado,3396,3396,1,1,Sen. Tasso Jereissati,PSDB,CE,senado,governo,Sen. Tasso Jereissati,PSDB,CE,senado,governo
d8a02979d2829415b1b87a300ce96d86,137118,senado,5350,5535,0.25,1,Sen. Jorginho Mello,PL,SC,senado,governo,Sen. Telmário Mota,PROS,RR,senado,governo
d8a02979d2829415b1b87a300ce96d86,137118,senado,5350,5732,0.25,1,Sen. Jorginho Mello,PL,SC,senado,governo,Sen. Rodrigo Pacheco,DEM,MG,senado,governo
d8a02979d2829415b1b87a300ce96d86,137118,senado,5350,5895,0.25,1,Sen. Jorginho Mello,PL,SC,senado,governo,Sen. Jorge Kajuru,PATRIOTA,GO,senado,governo
d8a02979d2829415b1b87a300ce96d86,137118,senado,5535,5732,0.25,1,Sen. Telmário Mota,PROS,RR,senado,governo,Sen. Rodrigo Pacheco,DEM,MG,senado,governo
d8a02979d2829415b1b87a300ce96d86,137118,senado,5535,5895,0.25,1,Sen. Telmário Mota,PROS,RR,senado,governo,Sen. Jorge Kajuru,PATRIOTA,GO,senado,governo
d8a02979d2829415b1b87a300ce96d86,137118,senado,5732,5895,0.25,1,Sen. Rodrigo Pacheco,DEM,MG,senado,governo,Sen. Jorge Kajuru,PATRIOTA,GO,senado,governo
d8a02979d2829415b1b87a300ce96d86,137118,senado,581,581,1,1,Sen. Jaques Wagner,PT,BA,senado,oposição,Sen. Jaques Wagner,PT,BA,senado,oposição
d8a02979d2829415b1b87a300ce96d86,137118,senado,677,677,11,11,Sen. Roberto Rocha,PSDB,MA,senado,governo,Sen. Roberto Rocha,PSDB,MA,senado,governo
d8ca90757e4d915b2c048ec921d41ce7,145626,senado,90,90,1,1,Sen. José Serra,PSDB,SP,senado,governo,Sen. José Serra,PSDB,SP,senado,governo
daa56dae713f27b1143ea567d69fbaef,138338,senado,5666,5666,1,1,Sen. Major Olimpio,PSL,SP,senado,governo,Sen. Major Olimpio,PSL,SP,senado,governo
db8bbb739b0ec0cdaf70fa39f50f6568,136200,senado,1249,1249,1,1,Sen. Kátia Abreu,PP,TO,senado,governo,Sen. Kátia Abreu,PP,TO,senado,governo
db8bbb739b0ec0cdaf70fa39f50f6568,136200,senado,4994,4994,2,2,Sen. Eduardo Braga,MDB,AM,senado,governo,Sen. Eduardo Braga,MDB,AM,senado,governo
db8bbb739b0ec0cdaf70fa39f50f6568,136200,senado,5959,5959,1,1,Sen. Styvenson Valentim,PODEMOS,RN,senado,governo,Sen. Styvenson Valentim,PODEMOS,RN,senado,governo
dbfe518b5c78cc36fe8a42fdc31188ed,138498,senado,739,739,1,1,Sen. Ciro Nogueira,PP,PI,senado,governo,Sen. Ciro Nogueira,PP,PI,senado,governo
ddcf29758528b140118b6054030a025e,139361,senado,2331,2331,1,1,Sen. Rose de Freitas,PODEMOS,ES,senado,governo,Sen. Rose de Freitas,PODEMOS,ES,senado,governo
e0f5d1ca11d2c6b703ea6c36ccb40dbd,136879,senado,581,581,1,1,Sen. Jaques Wagner,PT,BA,senado,oposição,Sen. Jaques Wagner,PT,BA,senado,oposição
e0f5d1ca11d2c6b703ea6c36ccb40dbd,136879,senado,6027,6027,1,1,Sen. Mecias de Jesus,REPUBLICANOS,RR,senado,governo,Sen. Mecias de Jesus,REPUBLICANOS,RR,senado,governo
e56e3cdbc6506aff6322820bf2e45ffb,137657,senado,5718,5718,1,1,Sen. Eliziane Gama,CIDADANIA,MA,senado,governo,Sen. Eliziane Gama,CIDADANIA,MA,senado,governo
e7ed0cf5a317d76a8ff1ff522f61812e,136839,senado,1173,1173,1,1,Sen. Wellington Fagundes,PL,MT,senado,governo,Sen. Wellington Fagundes,PL,MT,senado,governo
e7ed0cf5a317d76a8ff1ff522f61812e,136839,senado,5502,5502,1,1,Sen. Plínio Valério,PSDB,AM,senado,governo,Sen. Plínio Valério,PSDB,AM,senado,governo
e7ed0cf5a317d76a8ff1ff522f61812e,136839,senado,5529,5529,1,1,Sen. Antonio Anastasia,PSD,MG,senado,governo,Sen. Antonio Anastasia,PSD,MG,senado,governo
e930c2f9ea803cca320833675408d71f,135648,senado,5523,5523,2,2,Sen. Otto Alencar,PSD,BA,senado,governo,Sen. Otto Alencar,PSD,BA,senado,governo
e930c2f9ea803cca320833675408d71f,135648,senado,5529,5529,2,2,Sen. Antonio Anastasia,PSD,MG,senado,governo,Sen. Antonio Anastasia,PSD,MG,senado,governo
e930c2f9ea803cca320833675408d71f,135648,senado,5990,5990,1,1,Sen. Carlos Viana,PSD,MG,senado,governo,Sen. Carlos Viana,PSD,MG,senado,governo
eaad6a95ed22f2ae06485a3512ae9e3e,141437,senado,1173,1173,2,2,Sen. Wellington Fagundes,PL,MT,senado,governo,Sen. Wellington Fagundes,PL,MT,senado,governo
eaad6a95ed22f2ae06485a3512ae9e3e,141437,senado,1249,1249,2,2,Sen. Kátia Abreu,PP,TO,senado,governo,Sen. Kátia Abreu,PP,TO,senado,governo
eaad6a95ed22f2ae06485a3512ae9e3e,141437,senado,2331,2331,3,3,Sen. Rose de Freitas,PODEMOS,ES,senado,governo,Sen. Rose de Freitas,PODEMOS,ES,senado,governo
eaad6a95ed22f2ae06485a3512ae9e3e,141437,senado,374,374,7,7,Sen. Paulo Rocha,PT,PA,senado,oposição,Sen. Paulo Rocha,PT,PA,senado,oposição
eaad6a95ed22f2ae06485a3512ae9e3e,141437,senado,3806,3806,9,9,Sen. Zequinha Marinho,PSC,PA,senado,governo,Sen. Zequinha Marinho,PSC,PA,senado,governo
eaad6a95ed22f2ae06485a3512ae9e3e,141437,senado,4531,4531,2,2,Sen. Jayme Campos,DEM,MT,senado,governo,Sen. Jayme Campos,DEM,MT,senado,governo
eaad6a95ed22f2ae06485a3512ae9e3e,141437,senado,4981,4981,2,2,Sen. Acir Gurgacz,PDT,RO,senado,oposição,Sen. Acir Gurgacz,PDT,RO,senado,oposição
eaad6a95ed22f2ae06485a3512ae9e3e,141437,senado,5012,5012,3,3,Sen. Randolfe Rodrigues,REDE,AP,senado,oposição,Sen. Randolfe Rodrigues,REDE,AP,senado,oposição
eaad6a95ed22f2ae06485a3512ae9e3e,141437,senado,5352,5352,15,15,Sen. Rogério Carvalho,PT,SE,senado,oposição,Sen. Rogério Carvalho,PT,SE,senado,oposição
eaad6a95ed22f2ae06485a3512ae9e3e,141437,senado,5411,5411,4,4,Sen. Weverton,PDT,MA,senado,oposição,Sen. Weverton,PDT,MA,senado,oposição
eaad6a95ed22f2ae06485a3512ae9e3e,141437,senado,5535,5535,1,1,Sen. Telmário Mota,PROS,RR,senado,governo,Sen. Telmário Mota,PROS,RR,senado,governo
eaad6a95ed22f2ae06485a3512ae9e3e,141437,senado,5627,5627,5,5,Sen. Jean Paul Prates,PT,RN,senado,oposição,Sen. Jean Paul Prates,PT,RN,senado,oposição
eaad6a95ed22f2ae06485a3512ae9e3e,141437,senado,5718,5718,1,1,Sen. Eliziane Gama,CIDADANIA,MA,senado,governo,Sen. Eliziane Gama,CIDADANIA,MA,senado,governo
eaad6a95ed22f2ae06485a3512ae9e3e,141437,senado,581,581,3,3,Sen. Jaques Wagner,PT,BA,senado,oposição,Sen. Jaques Wagner,PT,BA,senado,oposição
eaad6a95ed22f2ae06485a3512ae9e3e,141437,senado,5942,5942,2,2,Sen. Marcos do Val,PODEMOS,ES,senado,governo,Sen. Marcos do Val,PODEMOS,ES,senado,governo
eaad6a95ed22f2ae06485a3512ae9e3e,141437,senado,5953,5953,2,2,Sen. Fabiano Contarato,REDE,ES,senado,oposição,Sen. Fabiano Contarato,REDE,ES,senado,oposição
eaad6a95ed22f2ae06485a3512ae9e3e,141437,senado,6027,6027,2,2,Sen. Mecias de Jesus,REPUBLICANOS,RR,senado,governo,Sen. Mecias de Jesus,REPUBLICANOS,RR,senado,governo
eaad6a95ed22f2ae06485a3512ae9e3e,141437,senado,677,677,2,2,Sen. Roberto Rocha,PSDB,MA,senado,governo,Sen. Roberto Rocha,PSDB,MA,senado,governo
eaad6a95ed22f2ae06485a3512ae9e3e,141437,senado,739,739,2,2,Sen. Ciro Nogueira,PP,PI,senado,governo,Sen. Ciro Nogueira,PP,PI,senado,governo
eaad6a95ed22f2ae06485a3512ae9e3e,141437,senado,825,825,5,5,Sen. Paulo Paim,PT,RS,senado,oposição,Sen. Paulo Paim,PT,RS,senado,oposição
eaad6a95ed22f2ae06485a3512ae9e3e,141437,senado,945,945,2,2,Sen. Alvaro Dias,PODEMOS,PR,senado,governo,Sen. Alvaro Dias,PODEMOS,PR,senado,governo
ec3dbed2d3301d16b28eea24b99ee293,135377,senado,3806,3806,1,1,Sen. Zequinha Marinho,PSC,PA,senado,governo,Sen. Zequinha Marinho,PSC,PA,senado,governo
ec3dbed2d3301d16b28eea24b99ee293,135377,senado,5718,5718,1,1,Sen. Eliziane Gama,CIDADANIA,MA,senado,governo,Sen. Eliziane Gama,CIDADANIA,MA,senado,governo
f069f3b7a64a1125a6607488ad645f39,138937,senado,4770,4770,1,1,Sen. Izalci Lucas,PSDB,DF,senado,governo,Sen. Izalci Lucas,PSDB,DF,senado,governo
f069f3b7a64a1125a6607488ad645f39,138937,senado,5385,5385,2,2,Sen. Irajá,PSD,TO,senado,governo,Sen. Irajá,PSD,TO,senado,governo
f069f3b7a64a1125a6607488ad645f39,138937,senado,5926,5926,1,1,Sen. Lucas Barreto,PSD,AP,senado,governo,Sen. Lucas Barreto,PSD,AP,senado,governo
f3b1afad92fe998dbf96ca3593caa74d,134695,senado,1173,1173,1,1,Sen. Wellington Fagundes,PL,MT,senado,governo,Sen. Wellington Fagundes,PL,MT,senado,governo
f3b1afad92fe998dbf96ca3593caa74d,134695,senado,5953,5953,1,1,Sen. Fabiano Contarato,REDE,ES,senado,oposição,Sen. Fabiano Contarato,REDE,ES,senado,oposição
f7e1f34e5ffcdf29fd417c97f06aed94,135169,senado,5533,5533,1,1,Sen. Lasier Martins,PODEMOS,RS,senado,governo,Sen. Lasier Martins,PODEMOS,RS,senado,governo
f7e1f34e5ffcdf29fd417c97f06aed94,135169,senado,5783,5783,4,4,Sen. Zenaide Maia,PROS,RN,senado,governo,Sen. Zenaide Maia,PROS,RN,senado,governo
f91fa97644948efa473e5b80e9766d21,138892,senado,4770,4770,1,1,Sen. Izalci Lucas,PSDB,DF,senado,governo,Sen. Izalci Lucas,PSDB,DF,senado,governo
f9bd7e777361dbd947f299ca037b45ca,137599,senado,1173,1173,2,2,Sen. Wellington Fagundes,PL,MT,senado,governo,Sen. Wellington Fagundes,PL,MT,senado,governo
fa25d0ef3929442479d163ad825f2620,138540,senado,475,475,1,1,Sen. Confúcio Moura,MDB,RO,senado,governo,Sen. Confúcio Moura,MDB,RO,senado,governo
fa25d0ef3929442479d163ad825f2620,138540,senado,5959,5959,1,1,Sen. Styvenson Valentim,PODEMOS,RN,senado,governo,Sen. Styvenson Valentim,PODEMOS,RN,senado,governo
fd91e219410c99797253583155372fc3,135653,senado,5748,5748,1,1,Sen. Veneziano Vital do Rêgo,PSB,PB,senado,oposição,Sen. Veneziano Vital do Rêgo,PSB,PB,senado,oposição
fedcd6759fc40f3fb0968e8024baf121,135796,senado,285,285,2,2,Sen. Marcio Bittar,MDB,AC,senado,governo,Sen. Marcio Bittar,MDB,AC,senado,governo
fedcd6759fc40f3fb0968e8024baf121,135796,senado,4770,4770,1,1,Sen. Izalci Lucas,PSDB,DF,senado,governo,Sen. Izalci Lucas,PSDB,DF,senado,governo
fedcd6759fc40f3fb0968e8024baf121,135796,senado,4994,4994,1,1,Sen. Eduardo Braga,MDB,AM,senado,governo,Sen. Eduardo Braga,MDB,AM,senado,governo
fedcd6759fc40f3fb0968e8024baf121,135796,senado,5012,5012,1,1,Sen. Randolfe Rodrigues,REDE,AP,senado,oposição,Sen. Randolfe Rodrigues,REDE,AP,senado,oposição
fedcd6759fc40f3fb0968e8024baf121,135796,senado,5533,5533,2,2,Sen. Lasier Martins,PODEMOS,RS,senado,governo,Sen. Lasier Martins,PODEMOS,RS,senado,governo
fedcd6759fc40f3fb0968e8024baf121,135796,senado,5718,5718,1,1,Sen. Eliziane Gama,CIDADANIA,MA,senado,governo,Sen. Eliziane Gama,CIDADANIA,MA,senado,governo
fedcd6759fc40f3fb0968e8024baf121,135796,senado,581,581,2,2,Sen. Jaques Wagner,PT,BA,senado,oposição,Sen. Jaques Wagner,PT,BA,senado,oposição
fedcd6759fc40f3fb0968e8024baf121,135796,senado,5982,5982,2,2,Sen. Alessandro Vieira,CIDADANIA,SE,senado,governo,Sen. Alessandro Vieira,CIDADANIA,SE,senado,governo
ff29ff4d916a03cd3753ede7dd6b982c,140541,senado,739,739,1,1,Sen. Ciro Nogueira,PP,PI,senado,governo,Sen. Ciro Nogueira,PP,PI,senado,governo
