orientacao_ma,nome_proposicao,ementa_proposicao,obj_votacao,resumo,data,autor,tema,uri_tramitacao,id_proposicao,id_votacao,casa,id_parlamentar,voto,id_entidade_parlametria,nome,sexo,partido,uf,governismo,governismo_ma,peso_politico
SIM,PL 1543/2020,Autoriza a prorrogação de dívidas rurais em decorrência da pandemia do coronavírus (Covid-19).,"Votação do Projeto de Lei nº 1.543, de 2020 e Emendas, nos termos do parecer.",https://www25.senado.leg.br:443/web/atividade/materias/-/materia/141437/votacoes#votacao_6121,2020-05-26T00:00:00Z,Mecias de Jesus REPUBLICANOS / RR,"Agricultura, pecuária e abastecimento",https://www25.senado.leg.br/web/atividade/materias/-/materia/141437,141437,6121,senado,4981,Sim,24981,Acir Gurgacz,M,PDT,RO,0.2595983967703468,3.6476647539586455,0.0695292
SIM,PL 1543/2020,Autoriza a prorrogação de dívidas rurais em decorrência da pandemia do coronavírus (Covid-19).,"Votação do Projeto de Lei nº 1.543, de 2020 e Emendas, nos termos do parecer.",https://www25.senado.leg.br:443/web/atividade/materias/-/materia/141437/votacoes#votacao_6121,2020-05-26T00:00:00Z,Mecias de Jesus REPUBLICANOS / RR,"Agricultura, pecuária e abastecimento",https://www25.senado.leg.br/web/atividade/materias/-/materia/141437,141437,6121,senado,5982,Sim,25982,Alessandro Vieira,M,CIDADANIA,SE,-0.034317331056378464,0.8763776677865209,0
SIM,PL 1543/2020,Autoriza a prorrogação de dívidas rurais em decorrência da pandemia do coronavírus (Covid-19).,"Votação do Projeto de Lei nº 1.543, de 2020 e Emendas, nos termos do parecer.",https://www25.senado.leg.br:443/web/atividade/materias/-/materia/141437/votacoes#votacao_6121,2020-05-26T00:00:00Z,Mecias de Jesus REPUBLICANOS / RR,"Agricultura, pecuária e abastecimento",https://www25.senado.leg.br/web/atividade/materias/-/materia/141437,141437,6121,senado,945,Sim,2945,Alvaro Dias,M,PODEMOS,PR,-0.0983121257702706,-0.33650070171551505,0.347646
SIM,PL 1543/2020,Autoriza a prorrogação de dívidas rurais em decorrência da pandemia do coronavírus (Covid-19).,"Votação do Projeto de Lei nº 1.543, de 2020 e Emendas, nos termos do parecer.",https://www25.senado.leg.br:443/web/atividade/materias/-/materia/141437/votacoes#votacao_6121,2020-05-26T00:00:00Z,Mecias de Jesus REPUBLICANOS / RR,"Agricultura, pecuária e abastecimento",https://www25.senado.leg.br/web/atividade/materias/-/materia/141437,141437,6121,senado,5967,Sim,25967,Angelo Coronel,M,PSD,BA,3.1528870597498795,7.187039426488479,0.107731
SIM,PL 1543/2020,Autoriza a prorrogação de dívidas rurais em decorrência da pandemia do coronavírus (Covid-19).,"Votação do Projeto de Lei nº 1.543, de 2020 e Emendas, nos termos do parecer.",https://www25.senado.leg.br:443/web/atividade/materias/-/materia/141437/votacoes#votacao_6121,2020-05-26T00:00:00Z,Mecias de Jesus REPUBLICANOS / RR,"Agricultura, pecuária e abastecimento",https://www25.senado.leg.br/web/atividade/materias/-/materia/141437,141437,6121,senado,5529,Sim,25529,Antonio Anastasia,M,PSD,MG,6.1643116758018905,0.23674188236171645,0.153958
SIM,PL 1543/2020,Autoriza a prorrogação de dívidas rurais em decorrência da pandemia do coronavírus (Covid-19).,"Votação do Projeto de Lei nº 1.543, de 2020 e Emendas, nos termos do parecer.",https://www25.senado.leg.br:443/web/atividade/materias/-/materia/141437/votacoes#votacao_6121,2020-05-26T00:00:00Z,Mecias de Jesus REPUBLICANOS / RR,"Agricultura, pecuária e abastecimento",https://www25.senado.leg.br/web/atividade/materias/-/materia/141437,141437,6121,senado,751,Sim,2751,Arolde de Oliveira,M,PSD,RJ,6.018947003038203,7.923783295141249,0.112134
SIM,PL 1543/2020,Autoriza a prorrogação de dívidas rurais em decorrência da pandemia do coronavírus (Covid-19).,"Votação do Projeto de Lei nº 1.543, de 2020 e Emendas, nos termos do parecer.",https://www25.senado.leg.br:443/web/atividade/materias/-/materia/141437/votacoes#votacao_6121,2020-05-26T00:00:00Z,Mecias de Jesus REPUBLICANOS / RR,"Agricultura, pecuária e abastecimento",https://www25.senado.leg.br/web/atividade/materias/-/materia/141437,141437,6121,senado,6295,Sim,26295,Carlos Fávaro,M,PSD,MT,9.27214203922053,4.320503474909607,NA
SIM,PL 1543/2020,Autoriza a prorrogação de dívidas rurais em decorrência da pandemia do coronavírus (Covid-19).,"Votação do Projeto de Lei nº 1.543, de 2020 e Emendas, nos termos do parecer.",https://www25.senado.leg.br:443/web/atividade/materias/-/materia/141437/votacoes#votacao_6121,2020-05-26T00:00:00Z,Mecias de Jesus REPUBLICANOS / RR,"Agricultura, pecuária e abastecimento",https://www25.senado.leg.br/web/atividade/materias/-/materia/141437,141437,6121,senado,5990,Sim,25990,Carlos Viana,M,PSD,MG,5.978830403718476,8.631001864309663,0
SIM,PL 1543/2020,Autoriza a prorrogação de dívidas rurais em decorrência da pandemia do coronavírus (Covid-19).,"Votação do Projeto de Lei nº 1.543, de 2020 e Emendas, nos termos do parecer.",https://www25.senado.leg.br:443/web/atividade/materias/-/materia/141437/votacoes#votacao_6121,2020-05-26T00:00:00Z,Mecias de Jesus REPUBLICANOS / RR,"Agricultura, pecuária e abastecimento",https://www25.senado.leg.br/web/atividade/materias/-/materia/141437,141437,6121,senado,470,Sim,2470,Chico Rodrigues,M,DEM,RR,7.51192093704238,7.709900806437851,0.0943838
SIM,PL 1543/2020,Autoriza a prorrogação de dívidas rurais em decorrência da pandemia do coronavírus (Covid-19).,"Votação do Projeto de Lei nº 1.543, de 2020 e Emendas, nos termos do parecer.",https://www25.senado.leg.br:443/web/atividade/materias/-/materia/141437/votacoes#votacao_6121,2020-05-26T00:00:00Z,Mecias de Jesus REPUBLICANOS / RR,"Agricultura, pecuária e abastecimento",https://www25.senado.leg.br/web/atividade/materias/-/materia/141437,141437,6121,senado,5973,Abstenção,25973,Cid Gomes,M,PDT,CE,-6.432250373455533,0.3035737514291128,NA
SIM,PL 1543/2020,Autoriza a prorrogação de dívidas rurais em decorrência da pandemia do coronavírus (Covid-19).,"Votação do Projeto de Lei nº 1.543, de 2020 e Emendas, nos termos do parecer.",https://www25.senado.leg.br:443/web/atividade/materias/-/materia/141437/votacoes#votacao_6121,2020-05-26T00:00:00Z,Mecias de Jesus REPUBLICANOS / RR,"Agricultura, pecuária e abastecimento",https://www25.senado.leg.br/web/atividade/materias/-/materia/141437,141437,6121,senado,739,Sim,2739,Ciro Nogueira,M,PP,PI,8.929895241802775,6.357885041361627,0.116034
SIM,PL 1543/2020,Autoriza a prorrogação de dívidas rurais em decorrência da pandemia do coronavírus (Covid-19).,"Votação do Projeto de Lei nº 1.543, de 2020 e Emendas, nos termos do parecer.",https://www25.senado.leg.br:443/web/atividade/materias/-/materia/141437/votacoes#votacao_6121,2020-05-26T00:00:00Z,Mecias de Jesus REPUBLICANOS / RR,"Agricultura, pecuária e abastecimento",https://www25.senado.leg.br/web/atividade/materias/-/materia/141437,141437,6121,senado,475,Sim,2475,Confúcio Moura,M,MDB,RO,5.221354680595756,0.049950893374418825,0.128613
SIM,PL 1543/2020,Autoriza a prorrogação de dívidas rurais em decorrência da pandemia do coronavírus (Covid-19).,"Votação do Projeto de Lei nº 1.543, de 2020 e Emendas, nos termos do parecer.",https://www25.senado.leg.br:443/web/atividade/materias/-/materia/141437/votacoes#votacao_6121,2020-05-26T00:00:00Z,Mecias de Jesus REPUBLICANOS / RR,"Agricultura, pecuária e abastecimento",https://www25.senado.leg.br/web/atividade/materias/-/materia/141437,141437,6121,senado,5998,Sim,25998,Daniella Ribeiro,F,PP,PB,5.9332279101129775,0.014668306802780862,0.360477
SIM,PL 1543/2020,Autoriza a prorrogação de dívidas rurais em decorrência da pandemia do coronavírus (Covid-19).,"Votação do Projeto de Lei nº 1.543, de 2020 e Emendas, nos termos do parecer.",https://www25.senado.leg.br:443/web/atividade/materias/-/materia/141437/votacoes#votacao_6121,2020-05-26T00:00:00Z,Mecias de Jesus REPUBLICANOS / RR,"Agricultura, pecuária e abastecimento",https://www25.senado.leg.br/web/atividade/materias/-/materia/141437,141437,6121,senado,5537,Sim,25537,Dário Berger,M,MDB,SC,1.8900759794455109,6.534569518797401,0.330264
SIM,PL 1543/2020,Autoriza a prorrogação de dívidas rurais em decorrência da pandemia do coronavírus (Covid-19).,"Votação do Projeto de Lei nº 1.543, de 2020 e Emendas, nos termos do parecer.",https://www25.senado.leg.br:443/web/atividade/materias/-/materia/141437/votacoes#votacao_6121,2020-05-26T00:00:00Z,Mecias de Jesus REPUBLICANOS / RR,"Agricultura, pecuária e abastecimento",https://www25.senado.leg.br/web/atividade/materias/-/materia/141437,141437,6121,senado,3830,P-NRV,23830,Davi Alcolumbre,M,DEM,AP,1.8754384004666758,1.925229207001962,0.921262
SIM,PL 1543/2020,Autoriza a prorrogação de dívidas rurais em decorrência da pandemia do coronavírus (Covid-19).,"Votação do Projeto de Lei nº 1.543, de 2020 e Emendas, nos termos do parecer.",https://www25.senado.leg.br:443/web/atividade/materias/-/materia/141437/votacoes#votacao_6121,2020-05-26T00:00:00Z,Mecias de Jesus REPUBLICANOS / RR,"Agricultura, pecuária e abastecimento",https://www25.senado.leg.br/web/atividade/materias/-/materia/141437,141437,6121,senado,4994,Sim,24994,Eduardo Braga,M,MDB,AM,3.597649961401279,0.39719585253627443,0.668399
SIM,PL 1543/2020,Autoriza a prorrogação de dívidas rurais em decorrência da pandemia do coronavírus (Covid-19).,"Votação do Projeto de Lei nº 1.543, de 2020 e Emendas, nos termos do parecer.",https://www25.senado.leg.br:443/web/atividade/materias/-/materia/141437/votacoes#votacao_6121,2020-05-26T00:00:00Z,Mecias de Jesus REPUBLICANOS / RR,"Agricultura, pecuária e abastecimento",https://www25.senado.leg.br/web/atividade/materias/-/materia/141437,141437,6121,senado,5976,Sim,25976,Eduardo Girão,M,PODEMOS,CE,2.0739954215550327,0.29017018802470673,0
SIM,PL 1543/2020,Autoriza a prorrogação de dívidas rurais em decorrência da pandemia do coronavírus (Covid-19).,"Votação do Projeto de Lei nº 1.543, de 2020 e Emendas, nos termos do parecer.",https://www25.senado.leg.br:443/web/atividade/materias/-/materia/141437/votacoes#votacao_6121,2020-05-26T00:00:00Z,Mecias de Jesus REPUBLICANOS / RR,"Agricultura, pecuária e abastecimento",https://www25.senado.leg.br/web/atividade/materias/-/materia/141437,141437,6121,senado,3777,Sim,23777,Eduardo Gomes,M,MDB,TO,6.929703261781157,7.561679945501503,0.496637
SIM,PL 1543/2020,Autoriza a prorrogação de dívidas rurais em decorrência da pandemia do coronavírus (Covid-19).,"Votação do Projeto de Lei nº 1.543, de 2020 e Emendas, nos termos do parecer.",https://www25.senado.leg.br:443/web/atividade/materias/-/materia/141437/votacoes#votacao_6121,2020-05-26T00:00:00Z,Mecias de Jesus REPUBLICANOS / RR,"Agricultura, pecuária e abastecimento",https://www25.senado.leg.br/web/atividade/materias/-/materia/141437,141437,6121,senado,5718,Sim,25718,Eliziane Gama,F,CIDADANIA,MA,-1.3234702132457201,-7.002334561205195,0.380735
SIM,PL 1543/2020,Autoriza a prorrogação de dívidas rurais em decorrência da pandemia do coronavírus (Covid-19).,"Votação do Projeto de Lei nº 1.543, de 2020 e Emendas, nos termos do parecer.",https://www25.senado.leg.br:443/web/atividade/materias/-/materia/141437/votacoes#votacao_6121,2020-05-26T00:00:00Z,Mecias de Jesus REPUBLICANOS / RR,"Agricultura, pecuária e abastecimento",https://www25.senado.leg.br/web/atividade/materias/-/materia/141437,141437,6121,senado,5531,Sim,25531,Elmano Férrer,M,PP,PI,6.1180166117632275,7.033293282263553,0.0173823
SIM,PL 1543/2020,Autoriza a prorrogação de dívidas rurais em decorrência da pandemia do coronavírus (Covid-19).,"Votação do Projeto de Lei nº 1.543, de 2020 e Emendas, nos termos do parecer.",https://www25.senado.leg.br:443/web/atividade/materias/-/materia/141437/votacoes#votacao_6121,2020-05-26T00:00:00Z,Mecias de Jesus REPUBLICANOS / RR,"Agricultura, pecuária e abastecimento",https://www25.senado.leg.br/web/atividade/materias/-/materia/141437,141437,6121,senado,22,Sim,222,Esperidião Amin,M,PP,SC,1.7112615869312915,-0.43334902533991126,0.395503
SIM,PL 1543/2020,Autoriza a prorrogação de dívidas rurais em decorrência da pandemia do coronavírus (Covid-19).,"Votação do Projeto de Lei nº 1.543, de 2020 e Emendas, nos termos do parecer.",https://www25.senado.leg.br:443/web/atividade/materias/-/materia/141437/votacoes#votacao_6121,2020-05-26T00:00:00Z,Mecias de Jesus REPUBLICANOS / RR,"Agricultura, pecuária e abastecimento",https://www25.senado.leg.br/web/atividade/materias/-/materia/141437,141437,6121,senado,5953,Sim,25953,Fabiano Contarato,M,REDE,ES,-4.7113251191722565,-1.0076554965634656,0.350629
SIM,PL 1543/2020,Autoriza a prorrogação de dívidas rurais em decorrência da pandemia do coronavírus (Covid-19).,"Votação do Projeto de Lei nº 1.543, de 2020 e Emendas, nos termos do parecer.",https://www25.senado.leg.br:443/web/atividade/materias/-/materia/141437/votacoes#votacao_6121,2020-05-26T00:00:00Z,Mecias de Jesus REPUBLICANOS / RR,"Agricultura, pecuária e abastecimento",https://www25.senado.leg.br/web/atividade/materias/-/materia/141437,141437,6121,senado,5540,Sim,25540,Fernando Bezerra Coelho,M,MDB,PE,8.253165275239809,7.649986598916577,0.312882
SIM,PL 1543/2020,Autoriza a prorrogação de dívidas rurais em decorrência da pandemia do coronavírus (Covid-19).,"Votação do Projeto de Lei nº 1.543, de 2020 e Emendas, nos termos do parecer.",https://www25.senado.leg.br:443/web/atividade/materias/-/materia/141437/votacoes#votacao_6121,2020-05-26T00:00:00Z,Mecias de Jesus REPUBLICANOS / RR,"Agricultura, pecuária e abastecimento",https://www25.senado.leg.br/web/atividade/materias/-/materia/141437,141437,6121,senado,4525,Sim,24525,Fernando Collor,M,PROS,AL,-1.4668198538154051,5.176951410270911,0.0521469
SIM,PL 1543/2020,Autoriza a prorrogação de dívidas rurais em decorrência da pandemia do coronavírus (Covid-19).,"Votação do Projeto de Lei nº 1.543, de 2020 e Emendas, nos termos do parecer.",https://www25.senado.leg.br:443/web/atividade/materias/-/materia/141437/votacoes#votacao_6121,2020-05-26T00:00:00Z,Mecias de Jesus REPUBLICANOS / RR,"Agricultura, pecuária e abastecimento",https://www25.senado.leg.br/web/atividade/materias/-/materia/141437,141437,6121,senado,345,Sim,2345,Flávio Arns,M,PODEMOS,PR,-1.7142642059445805,-0.6066691795058361,0.107729
SIM,PL 1543/2020,Autoriza a prorrogação de dívidas rurais em decorrência da pandemia do coronavírus (Covid-19).,"Votação do Projeto de Lei nº 1.543, de 2020 e Emendas, nos termos do parecer.",https://www25.senado.leg.br:443/web/atividade/materias/-/materia/141437/votacoes#votacao_6121,2020-05-26T00:00:00Z,Mecias de Jesus REPUBLICANOS / RR,"Agricultura, pecuária e abastecimento",https://www25.senado.leg.br/web/atividade/materias/-/materia/141437,141437,6121,senado,5894,P-NRV,25894,Flávio Bolsonaro,M,REPUBLICANOS,RJ,9.949300059789131,8.692926509593327,0.427108
SIM,PL 1543/2020,Autoriza a prorrogação de dívidas rurais em decorrência da pandemia do coronavírus (Covid-19).,"Votação do Projeto de Lei nº 1.543, de 2020 e Emendas, nos termos do parecer.",https://www25.senado.leg.br:443/web/atividade/materias/-/materia/141437/votacoes#votacao_6121,2020-05-26T00:00:00Z,Mecias de Jesus REPUBLICANOS / RR,"Agricultura, pecuária e abastecimento",https://www25.senado.leg.br/web/atividade/materias/-/materia/141437,141437,6121,senado,5008,Sim,25008,Humberto Costa,M,PT,PE,-7.9292455982710495,-7.640772394817315,0.395398
SIM,PL 1543/2020,Autoriza a prorrogação de dívidas rurais em decorrência da pandemia do coronavírus (Covid-19).,"Votação do Projeto de Lei nº 1.543, de 2020 e Emendas, nos termos do parecer.",https://www25.senado.leg.br:443/web/atividade/materias/-/materia/141437/votacoes#votacao_6121,2020-05-26T00:00:00Z,Mecias de Jesus REPUBLICANOS / RR,"Agricultura, pecuária e abastecimento",https://www25.senado.leg.br/web/atividade/materias/-/materia/141437,141437,6121,senado,5385,P-NRV,25385,Irajá,M,PSD,TO,1.2480535342245336,4.6448272049295465,0.0611041
SIM,PL 1543/2020,Autoriza a prorrogação de dívidas rurais em decorrência da pandemia do coronavírus (Covid-19).,"Votação do Projeto de Lei nº 1.543, de 2020 e Emendas, nos termos do parecer.",https://www25.senado.leg.br:443/web/atividade/materias/-/materia/141437/votacoes#votacao_6121,2020-05-26T00:00:00Z,Mecias de Jesus REPUBLICANOS / RR,"Agricultura, pecuária e abastecimento",https://www25.senado.leg.br/web/atividade/materias/-/materia/141437,141437,6121,senado,4770,Sim,24770,Izalci Lucas,M,PSDB,DF,7.38816827369692,7.520341672222113,0.363945
SIM,PL 1543/2020,Autoriza a prorrogação de dívidas rurais em decorrência da pandemia do coronavírus (Covid-19).,"Votação do Projeto de Lei nº 1.543, de 2020 e Emendas, nos termos do parecer.",https://www25.senado.leg.br:443/web/atividade/materias/-/materia/141437/votacoes#votacao_6121,2020-05-26T00:00:00Z,Mecias de Jesus REPUBLICANOS / RR,"Agricultura, pecuária e abastecimento",https://www25.senado.leg.br/web/atividade/materias/-/materia/141437,141437,6121,senado,35,NCom,235,Jader Barbalho,M,MDB,PA,2.998704595364593,4.09878919389765,0.100657
SIM,PL 1543/2020,Autoriza a prorrogação de dívidas rurais em decorrência da pandemia do coronavírus (Covid-19).,"Votação do Projeto de Lei nº 1.543, de 2020 e Emendas, nos termos do parecer.",https://www25.senado.leg.br:443/web/atividade/materias/-/materia/141437/votacoes#votacao_6121,2020-05-26T00:00:00Z,Mecias de Jesus REPUBLICANOS / RR,"Agricultura, pecuária e abastecimento",https://www25.senado.leg.br/web/atividade/materias/-/materia/141437,141437,6121,senado,581,Sim,2581,Jaques Wagner,M,PT,BA,-8.424735814848406,-8.38164187830956,0.100209
SIM,PL 1543/2020,Autoriza a prorrogação de dívidas rurais em decorrência da pandemia do coronavírus (Covid-19).,"Votação do Projeto de Lei nº 1.543, de 2020 e Emendas, nos termos do parecer.",https://www25.senado.leg.br:443/web/atividade/materias/-/materia/141437/votacoes#votacao_6121,2020-05-26T00:00:00Z,Mecias de Jesus REPUBLICANOS / RR,"Agricultura, pecuária e abastecimento",https://www25.senado.leg.br/web/atividade/materias/-/materia/141437,141437,6121,senado,4545,Sim,24545,Jarbas Vasconcelos,M,MDB,PE,1.9312027150726223,-0.3459730367299354,0.115619
SIM,PL 1543/2020,Autoriza a prorrogação de dívidas rurais em decorrência da pandemia do coronavírus (Covid-19).,"Votação do Projeto de Lei nº 1.543, de 2020 e Emendas, nos termos do parecer.",https://www25.senado.leg.br:443/web/atividade/materias/-/materia/141437/votacoes#votacao_6121,2020-05-26T00:00:00Z,Mecias de Jesus REPUBLICANOS / RR,"Agricultura, pecuária e abastecimento",https://www25.senado.leg.br/web/atividade/materias/-/materia/141437,141437,6121,senado,4531,Sim,24531,Jayme Campos,M,DEM,MT,5.623642548660271,0.3887576155157806,0.0714857
SIM,PL 1543/2020,Autoriza a prorrogação de dívidas rurais em decorrência da pandemia do coronavírus (Covid-19).,"Votação do Projeto de Lei nº 1.543, de 2020 e Emendas, nos termos do parecer.",https://www25.senado.leg.br:443/web/atividade/materias/-/materia/141437/votacoes#votacao_6121,2020-05-26T00:00:00Z,Mecias de Jesus REPUBLICANOS / RR,"Agricultura, pecuária e abastecimento",https://www25.senado.leg.br/web/atividade/materias/-/materia/141437,141437,6121,senado,5627,Sim,25627,Jean Paul Prates,M,PT,RN,-8.270386295806299,-8.828955976071256,0.139058
SIM,PL 1543/2020,Autoriza a prorrogação de dívidas rurais em decorrência da pandemia do coronavírus (Covid-19).,"Votação do Projeto de Lei nº 1.543, de 2020 e Emendas, nos termos do parecer.",https://www25.senado.leg.br:443/web/atividade/materias/-/materia/141437/votacoes#votacao_6121,2020-05-26T00:00:00Z,Mecias de Jesus REPUBLICANOS / RR,"Agricultura, pecuária e abastecimento",https://www25.senado.leg.br/web/atividade/materias/-/materia/141437,141437,6121,senado,5895,Sim,25895,Jorge Kajuru,M,CIDADANIA,GO,-2.614348811849715,-0.2463283174439983,0.312882
SIM,PL 1543/2020,Autoriza a prorrogação de dívidas rurais em decorrência da pandemia do coronavírus (Covid-19).,"Votação do Projeto de Lei nº 1.543, de 2020 e Emendas, nos termos do parecer.",https://www25.senado.leg.br:443/web/atividade/materias/-/materia/141437/votacoes#votacao_6121,2020-05-26T00:00:00Z,Mecias de Jesus REPUBLICANOS / RR,"Agricultura, pecuária e abastecimento",https://www25.senado.leg.br/web/atividade/materias/-/materia/141437,141437,6121,senado,5350,Sim,25350,Jorginho Mello,M,PL,SC,5.07335843388894,7.459052470140094,0.399575
SIM,PL 1543/2020,Autoriza a prorrogação de dívidas rurais em decorrência da pandemia do coronavírus (Covid-19).,"Votação do Projeto de Lei nº 1.543, de 2020 e Emendas, nos termos do parecer.",https://www25.senado.leg.br:443/web/atividade/materias/-/materia/141437/votacoes#votacao_6121,2020-05-26T00:00:00Z,Mecias de Jesus REPUBLICANOS / RR,"Agricultura, pecuária e abastecimento",https://www25.senado.leg.br/web/atividade/materias/-/materia/141437,141437,6121,senado,3361,Sim,23361,José Maranhão,M,MDB,PB,3.84042420236338,-0.05940626075387456,0.0869115
SIM,PL 1543/2020,Autoriza a prorrogação de dívidas rurais em decorrência da pandemia do coronavírus (Covid-19).,"Votação do Projeto de Lei nº 1.543, de 2020 e Emendas, nos termos do parecer.",https://www25.senado.leg.br:443/web/atividade/materias/-/materia/141437/votacoes#votacao_6121,2020-05-26T00:00:00Z,Mecias de Jesus REPUBLICANOS / RR,"Agricultura, pecuária e abastecimento",https://www25.senado.leg.br/web/atividade/materias/-/materia/141437,141437,6121,senado,90,Sim,290,José Serra,M,PSDB,SP,3.2685861580026376,-0.4135911726017092,0.0695292
SIM,PL 1543/2020,Autoriza a prorrogação de dívidas rurais em decorrência da pandemia do coronavírus (Covid-19).,"Votação do Projeto de Lei nº 1.543, de 2020 e Emendas, nos termos do parecer.",https://www25.senado.leg.br:443/web/atividade/materias/-/materia/141437/votacoes#votacao_6121,2020-05-26T00:00:00Z,Mecias de Jesus REPUBLICANOS / RR,"Agricultura, pecuária e abastecimento",https://www25.senado.leg.br/web/atividade/materias/-/materia/141437,141437,6121,senado,1249,Sim,21249,Kátia Abreu,F,PP,TO,2.7180466894403494,0.06924174438260167,0.0347646
SIM,PL 1543/2020,Autoriza a prorrogação de dívidas rurais em decorrência da pandemia do coronavírus (Covid-19).,"Votação do Projeto de Lei nº 1.543, de 2020 e Emendas, nos termos do parecer.",https://www25.senado.leg.br:443/web/atividade/materias/-/materia/141437/votacoes#votacao_6121,2020-05-26T00:00:00Z,Mecias de Jesus REPUBLICANOS / RR,"Agricultura, pecuária e abastecimento",https://www25.senado.leg.br/web/atividade/materias/-/materia/141437,141437,6121,senado,5533,Sim,25533,Lasier Martins,M,PODEMOS,RS,1.0692923782052528,6.595063528612567,0.119193
SIM,PL 1543/2020,Autoriza a prorrogação de dívidas rurais em decorrência da pandemia do coronavírus (Covid-19).,"Votação do Projeto de Lei nº 1.543, de 2020 e Emendas, nos termos do parecer.",https://www25.senado.leg.br:443/web/atividade/materias/-/materia/141437/votacoes#votacao_6121,2020-05-26T00:00:00Z,Mecias de Jesus REPUBLICANOS / RR,"Agricultura, pecuária e abastecimento",https://www25.senado.leg.br/web/atividade/materias/-/materia/141437,141437,6121,senado,5979,Sim,25979,Leila Barros,F,PSB,DF,-3.2648195755518046,-0.6654980689340526,0.0656801
SIM,PL 1543/2020,Autoriza a prorrogação de dívidas rurais em decorrência da pandemia do coronavírus (Covid-19).,"Votação do Projeto de Lei nº 1.543, de 2020 e Emendas, nos termos do parecer.",https://www25.senado.leg.br:443/web/atividade/materias/-/materia/141437/votacoes#votacao_6121,2020-05-26T00:00:00Z,Mecias de Jesus REPUBLICANOS / RR,"Agricultura, pecuária e abastecimento",https://www25.senado.leg.br/web/atividade/materias/-/materia/141437,141437,6121,senado,5926,Sim,25926,Lucas Barreto,M,PSD,AP,1.3755885033289843,7.219864933619849,NA
SIM,PL 1543/2020,Autoriza a prorrogação de dívidas rurais em decorrência da pandemia do coronavírus (Covid-19).,"Votação do Projeto de Lei nº 1.543, de 2020 e Emendas, nos termos do parecer.",https://www25.senado.leg.br:443/web/atividade/materias/-/materia/141437/votacoes#votacao_6121,2020-05-26T00:00:00Z,Mecias de Jesus REPUBLICANOS / RR,"Agricultura, pecuária e abastecimento",https://www25.senado.leg.br/web/atividade/materias/-/materia/141437,141437,6121,senado,1186,Sim,21186,Luis Carlos Heinze,M,PP,RS,7.418527338508717,8.212719413700512,0.476287
SIM,PL 1543/2020,Autoriza a prorrogação de dívidas rurais em decorrência da pandemia do coronavírus (Covid-19).,"Votação do Projeto de Lei nº 1.543, de 2020 e Emendas, nos termos do parecer.",https://www25.senado.leg.br:443/web/atividade/materias/-/materia/141437/votacoes#votacao_6121,2020-05-26T00:00:00Z,Mecias de Jesus REPUBLICANOS / RR,"Agricultura, pecuária e abastecimento",https://www25.senado.leg.br/web/atividade/materias/-/materia/141437,141437,6121,senado,5585,Sim,25585,Luiz do Carmo,M,MDB,GO,8.030788587697117,7.713511225511475,0.0173823
SIM,PL 1543/2020,Autoriza a prorrogação de dívidas rurais em decorrência da pandemia do coronavírus (Covid-19).,"Votação do Projeto de Lei nº 1.543, de 2020 e Emendas, nos termos do parecer.",https://www25.senado.leg.br:443/web/atividade/materias/-/materia/141437/votacoes#votacao_6121,2020-05-26T00:00:00Z,Mecias de Jesus REPUBLICANOS / RR,"Agricultura, pecuária e abastecimento",https://www25.senado.leg.br/web/atividade/materias/-/materia/141437,141437,6121,senado,5557,Sim,25557,Mailza Gomes,F,PP,AC,4.602925630538035,6.65823670504782,0.139058
SIM,PL 1543/2020,Autoriza a prorrogação de dívidas rurais em decorrência da pandemia do coronavírus (Covid-19).,"Votação do Projeto de Lei nº 1.543, de 2020 e Emendas, nos termos do parecer.",https://www25.senado.leg.br:443/web/atividade/materias/-/materia/141437/votacoes#votacao_6121,2020-05-26T00:00:00Z,Mecias de Jesus REPUBLICANOS / RR,"Agricultura, pecuária e abastecimento",https://www25.senado.leg.br/web/atividade/materias/-/materia/141437,141437,6121,senado,5666,Sim,25666,Major Olimpio,M,PSL,SP,2.735762845263338,8.608051902256836,0.361702
SIM,PL 1543/2020,Autoriza a prorrogação de dívidas rurais em decorrência da pandemia do coronavírus (Covid-19).,"Votação do Projeto de Lei nº 1.543, de 2020 e Emendas, nos termos do parecer.",https://www25.senado.leg.br:443/web/atividade/materias/-/materia/141437/votacoes#votacao_6121,2020-05-26T00:00:00Z,Mecias de Jesus REPUBLICANOS / RR,"Agricultura, pecuária e abastecimento",https://www25.senado.leg.br/web/atividade/materias/-/materia/141437,141437,6121,senado,5376,LS,25376,Mara Gabrilli,F,PSDB,SP,1.2012439732659619,-2.9440876224322565,0.0964358
SIM,PL 1543/2020,Autoriza a prorrogação de dívidas rurais em decorrência da pandemia do coronavírus (Covid-19).,"Votação do Projeto de Lei nº 1.543, de 2020 e Emendas, nos termos do parecer.",https://www25.senado.leg.br:443/web/atividade/materias/-/materia/141437/votacoes#votacao_6121,2020-05-26T00:00:00Z,Mecias de Jesus REPUBLICANOS / RR,"Agricultura, pecuária e abastecimento",https://www25.senado.leg.br/web/atividade/materias/-/materia/141437,141437,6121,senado,742,Sim,2742,Marcelo Castro,M,MDB,PI,5.17720816884677,0.3907435027845114,0.123935
SIM,PL 1543/2020,Autoriza a prorrogação de dívidas rurais em decorrência da pandemia do coronavírus (Covid-19).,"Votação do Projeto de Lei nº 1.543, de 2020 e Emendas, nos termos do parecer.",https://www25.senado.leg.br:443/web/atividade/materias/-/materia/141437/votacoes#votacao_6121,2020-05-26T00:00:00Z,Mecias de Jesus REPUBLICANOS / RR,"Agricultura, pecuária e abastecimento",https://www25.senado.leg.br/web/atividade/materias/-/materia/141437,141437,6121,senado,285,Sim,2285,Marcio Bittar,M,MDB,AC,8.02856571214874,7.319343414254362,0.113346
SIM,PL 1543/2020,Autoriza a prorrogação de dívidas rurais em decorrência da pandemia do coronavírus (Covid-19).,"Votação do Projeto de Lei nº 1.543, de 2020 e Emendas, nos termos do parecer.",https://www25.senado.leg.br:443/web/atividade/materias/-/materia/141437/votacoes#votacao_6121,2020-05-26T00:00:00Z,Mecias de Jesus REPUBLICANOS / RR,"Agricultura, pecuária e abastecimento",https://www25.senado.leg.br/web/atividade/materias/-/materia/141437,141437,6121,senado,5942,Sim,25942,Marcos do Val,M,PODEMOS,ES,3.9127923249083345,7.4975885405506055,0
SIM,PL 1543/2020,Autoriza a prorrogação de dívidas rurais em decorrência da pandemia do coronavírus (Covid-19).,"Votação do Projeto de Lei nº 1.543, de 2020 e Emendas, nos termos do parecer.",https://www25.senado.leg.br:443/web/atividade/materias/-/materia/141437/votacoes#votacao_6121,2020-05-26T00:00:00Z,Mecias de Jesus REPUBLICANOS / RR,"Agricultura, pecuária e abastecimento",https://www25.senado.leg.br/web/atividade/materias/-/materia/141437,141437,6121,senado,5422,Sim,25422,Marcos Rogério,M,DEM,RO,6.529073040067857,7.68821148829257,0.362385
SIM,PL 1543/2020,Autoriza a prorrogação de dívidas rurais em decorrência da pandemia do coronavírus (Covid-19).,"Votação do Projeto de Lei nº 1.543, de 2020 e Emendas, nos termos do parecer.",https://www25.senado.leg.br:443/web/atividade/materias/-/materia/141437/votacoes#votacao_6121,2020-05-26T00:00:00Z,Mecias de Jesus REPUBLICANOS / RR,"Agricultura, pecuária e abastecimento",https://www25.senado.leg.br/web/atividade/materias/-/materia/141437,141437,6121,senado,1023,Sim,21023,Maria do Carmo Alves,F,DEM,SE,3.7298376171989354,3.0865091095721358,0.0347646
SIM,PL 1543/2020,Autoriza a prorrogação de dívidas rurais em decorrência da pandemia do coronavírus (Covid-19).,"Votação do Projeto de Lei nº 1.543, de 2020 e Emendas, nos termos do parecer.",https://www25.senado.leg.br:443/web/atividade/materias/-/materia/141437/votacoes#votacao_6121,2020-05-26T00:00:00Z,Mecias de Jesus REPUBLICANOS / RR,"Agricultura, pecuária e abastecimento",https://www25.senado.leg.br/web/atividade/materias/-/materia/141437,141437,6121,senado,6027,Sim,26027,Mecias de Jesus,M,REPUBLICANOS,RR,2.8650407981331796,-6.172755809150397,0.643145
SIM,PL 1543/2020,Autoriza a prorrogação de dívidas rurais em decorrência da pandemia do coronavírus (Covid-19).,"Votação do Projeto de Lei nº 1.543, de 2020 e Emendas, nos termos do parecer.",https://www25.senado.leg.br:443/web/atividade/materias/-/materia/141437/votacoes#votacao_6121,2020-05-26T00:00:00Z,Mecias de Jesus REPUBLICANOS / RR,"Agricultura, pecuária e abastecimento",https://www25.senado.leg.br/web/atividade/materias/-/materia/141437,141437,6121,senado,5985,Sim,25985,Nelsinho Trad,M,PSD,MS,3.3658947565731374,7.65762637623326,0.365028
SIM,PL 1543/2020,Autoriza a prorrogação de dívidas rurais em decorrência da pandemia do coronavírus (Covid-19).,"Votação do Projeto de Lei nº 1.543, de 2020 e Emendas, nos termos do parecer.",https://www25.senado.leg.br:443/web/atividade/materias/-/materia/141437/votacoes#votacao_6121,2020-05-26T00:00:00Z,Mecias de Jesus REPUBLICANOS / RR,"Agricultura, pecuária e abastecimento",https://www25.senado.leg.br/web/atividade/materias/-/materia/141437,141437,6121,senado,5525,Sim,25525,Omar Aziz,M,PSD,AM,2.9780815247860914,-0.4763773429360789,0.312882
SIM,PL 1543/2020,Autoriza a prorrogação de dívidas rurais em decorrência da pandemia do coronavírus (Covid-19).,"Votação do Projeto de Lei nº 1.543, de 2020 e Emendas, nos termos do parecer.",https://www25.senado.leg.br:443/web/atividade/materias/-/materia/141437/votacoes#votacao_6121,2020-05-26T00:00:00Z,Mecias de Jesus REPUBLICANOS / RR,"Agricultura, pecuária e abastecimento",https://www25.senado.leg.br/web/atividade/materias/-/materia/141437,141437,6121,senado,5924,Sim,25924,Oriovisto Guimarães,M,PODEMOS,PR,2.842569961172769,-0.41162046336228286,0
SIM,PL 1543/2020,Autoriza a prorrogação de dívidas rurais em decorrência da pandemia do coronavírus (Covid-19).,"Votação do Projeto de Lei nº 1.543, de 2020 e Emendas, nos termos do parecer.",https://www25.senado.leg.br:443/web/atividade/materias/-/materia/141437/votacoes#votacao_6121,2020-05-26T00:00:00Z,Mecias de Jesus REPUBLICANOS / RR,"Agricultura, pecuária e abastecimento",https://www25.senado.leg.br/web/atividade/materias/-/materia/141437,141437,6121,senado,5523,Sim,25523,Otto Alencar,M,PSD,BA,-0.19952998112038856,-0.0877729053317946,0.278117
SIM,PL 1543/2020,Autoriza a prorrogação de dívidas rurais em decorrência da pandemia do coronavírus (Covid-19).,"Votação do Projeto de Lei nº 1.543, de 2020 e Emendas, nos termos do parecer.",https://www25.senado.leg.br:443/web/atividade/materias/-/materia/141437/votacoes#votacao_6121,2020-05-26T00:00:00Z,Mecias de Jesus REPUBLICANOS / RR,"Agricultura, pecuária e abastecimento",https://www25.senado.leg.br/web/atividade/materias/-/materia/141437,141437,6121,senado,825,Sim,2825,Paulo Paim,M,PT,RS,-6.820846870078968,-8.288723372595733,0.358875
SIM,PL 1543/2020,Autoriza a prorrogação de dívidas rurais em decorrência da pandemia do coronavírus (Covid-19).,"Votação do Projeto de Lei nº 1.543, de 2020 e Emendas, nos termos do parecer.",https://www25.senado.leg.br:443/web/atividade/materias/-/materia/141437/votacoes#votacao_6121,2020-05-26T00:00:00Z,Mecias de Jesus REPUBLICANOS / RR,"Agricultura, pecuária e abastecimento",https://www25.senado.leg.br/web/atividade/materias/-/materia/141437,141437,6121,senado,374,Sim,2374,Paulo Rocha,M,PT,PA,-10,-8.017689691528535,0.365028
SIM,PL 1543/2020,Autoriza a prorrogação de dívidas rurais em decorrência da pandemia do coronavírus (Covid-19).,"Votação do Projeto de Lei nº 1.543, de 2020 e Emendas, nos termos do parecer.",https://www25.senado.leg.br:443/web/atividade/materias/-/materia/141437/votacoes#votacao_6121,2020-05-26T00:00:00Z,Mecias de Jesus REPUBLICANOS / RR,"Agricultura, pecuária e abastecimento",https://www25.senado.leg.br/web/atividade/materias/-/materia/141437,141437,6121,senado,5502,Sim,25502,Plínio Valério,M,PSDB,AM,3.8690384448226602,-0.16898113150577387,0.104196
SIM,PL 1543/2020,Autoriza a prorrogação de dívidas rurais em decorrência da pandemia do coronavírus (Covid-19).,"Votação do Projeto de Lei nº 1.543, de 2020 e Emendas, nos termos do parecer.",https://www25.senado.leg.br:443/web/atividade/materias/-/materia/141437/votacoes#votacao_6121,2020-05-26T00:00:00Z,Mecias de Jesus REPUBLICANOS / RR,"Agricultura, pecuária e abastecimento",https://www25.senado.leg.br/web/atividade/materias/-/materia/141437,141437,6121,senado,5012,Sim,25012,Randolfe Rodrigues,M,REDE,AP,-7.196862307916421,-8.01693969907416,0.723893
SIM,PL 1543/2020,Autoriza a prorrogação de dívidas rurais em decorrência da pandemia do coronavírus (Covid-19).,"Votação do Projeto de Lei nº 1.543, de 2020 e Emendas, nos termos do parecer.",https://www25.senado.leg.br:443/web/atividade/materias/-/materia/141437/votacoes#votacao_6121,2020-05-26T00:00:00Z,Mecias de Jesus REPUBLICANOS / RR,"Agricultura, pecuária e abastecimento",https://www25.senado.leg.br/web/atividade/materias/-/materia/141437,141437,6121,senado,5236,Sim,25236,Reguffe,M,PODEMOS,DF,-3.9071261846314673,-0.6864634615142027,0.0347646
SIM,PL 1543/2020,Autoriza a prorrogação de dívidas rurais em decorrência da pandemia do coronavírus (Covid-19).,"Votação do Projeto de Lei nº 1.543, de 2020 e Emendas, nos termos do parecer.",https://www25.senado.leg.br:443/web/atividade/materias/-/materia/141437/votacoes#votacao_6121,2020-05-26T00:00:00Z,Mecias de Jesus REPUBLICANOS / RR,"Agricultura, pecuária e abastecimento",https://www25.senado.leg.br/web/atividade/materias/-/materia/141437,141437,6121,senado,70,Sim,270,Renan Calheiros,M,MDB,AL,-2.127348300870678,-2.706892556691689,0.0587408
SIM,PL 1543/2020,Autoriza a prorrogação de dívidas rurais em decorrência da pandemia do coronavírus (Covid-19).,"Votação do Projeto de Lei nº 1.543, de 2020 e Emendas, nos termos do parecer.",https://www25.senado.leg.br:443/web/atividade/materias/-/materia/141437/votacoes#votacao_6121,2020-05-26T00:00:00Z,Mecias de Jesus REPUBLICANOS / RR,"Agricultura, pecuária e abastecimento",https://www25.senado.leg.br/web/atividade/materias/-/materia/141437,141437,6121,senado,677,Sim,2677,Roberto Rocha,M,PSDB,MA,5.45559147976925,7.544909155852203,0.365028
SIM,PL 1543/2020,Autoriza a prorrogação de dívidas rurais em decorrência da pandemia do coronavírus (Covid-19).,"Votação do Projeto de Lei nº 1.543, de 2020 e Emendas, nos termos do parecer.",https://www25.senado.leg.br:443/web/atividade/materias/-/materia/141437/votacoes#votacao_6121,2020-05-26T00:00:00Z,Mecias de Jesus REPUBLICANOS / RR,"Agricultura, pecuária e abastecimento",https://www25.senado.leg.br/web/atividade/materias/-/materia/141437,141437,6121,senado,5905,Sim,25905,Rodrigo Cunha,M,PSDB,AL,1.618465631811583,-0.016121527748559572,0.596187
SIM,PL 1543/2020,Autoriza a prorrogação de dívidas rurais em decorrência da pandemia do coronavírus (Covid-19).,"Votação do Projeto de Lei nº 1.543, de 2020 e Emendas, nos termos do parecer.",https://www25.senado.leg.br:443/web/atividade/materias/-/materia/141437/votacoes#votacao_6121,2020-05-26T00:00:00Z,Mecias de Jesus REPUBLICANOS / RR,"Agricultura, pecuária e abastecimento",https://www25.senado.leg.br/web/atividade/materias/-/materia/141437,141437,6121,senado,5732,Sim,25732,Rodrigo Pacheco,M,DEM,MG,5.435169291864824,-0.2600701160263146,0.337366
SIM,PL 1543/2020,Autoriza a prorrogação de dívidas rurais em decorrência da pandemia do coronavírus (Covid-19).,"Votação do Projeto de Lei nº 1.543, de 2020 e Emendas, nos termos do parecer.",https://www25.senado.leg.br:443/web/atividade/materias/-/materia/141437/votacoes#votacao_6121,2020-05-26T00:00:00Z,Mecias de Jesus REPUBLICANOS / RR,"Agricultura, pecuária e abastecimento",https://www25.senado.leg.br/web/atividade/materias/-/materia/141437,141437,6121,senado,5352,Sim,25352,Rogério Carvalho,M,PT,SE,-9.175892802141895,-10,0.0770198
SIM,PL 1543/2020,Autoriza a prorrogação de dívidas rurais em decorrência da pandemia do coronavírus (Covid-19).,"Votação do Projeto de Lei nº 1.543, de 2020 e Emendas, nos termos do parecer.",https://www25.senado.leg.br:443/web/atividade/materias/-/materia/141437/votacoes#votacao_6121,2020-05-26T00:00:00Z,Mecias de Jesus REPUBLICANOS / RR,"Agricultura, pecuária e abastecimento",https://www25.senado.leg.br/web/atividade/materias/-/materia/141437,141437,6121,senado,5322,Sim,25322,Romário,M,PODEMOS,RJ,2.3445338232507336,-0.5144766609342071,0.312882
SIM,PL 1543/2020,Autoriza a prorrogação de dívidas rurais em decorrência da pandemia do coronavírus (Covid-19).,"Votação do Projeto de Lei nº 1.543, de 2020 e Emendas, nos termos do parecer.",https://www25.senado.leg.br:443/web/atividade/materias/-/materia/141437/votacoes#votacao_6121,2020-05-26T00:00:00Z,Mecias de Jesus REPUBLICANOS / RR,"Agricultura, pecuária e abastecimento",https://www25.senado.leg.br/web/atividade/materias/-/materia/141437,141437,6121,senado,2331,Sim,22331,Rose de Freitas,F,MDB,ES,1.6619751361711543,0.3296245074319941,NA
SIM,PL 1543/2020,Autoriza a prorrogação de dívidas rurais em decorrência da pandemia do coronavírus (Covid-19).,"Votação do Projeto de Lei nº 1.543, de 2020 e Emendas, nos termos do parecer.",https://www25.senado.leg.br:443/web/atividade/materias/-/materia/141437/votacoes#votacao_6121,2020-05-26T00:00:00Z,Mecias de Jesus REPUBLICANOS / RR,"Agricultura, pecuária e abastecimento",https://www25.senado.leg.br/web/atividade/materias/-/materia/141437,141437,6121,senado,4560,Sim,24560,Sérgio Petecão,M,PSD,AC,5.305099549394258,-7.578650193875107,0.457165
SIM,PL 1543/2020,Autoriza a prorrogação de dívidas rurais em decorrência da pandemia do coronavírus (Covid-19).,"Votação do Projeto de Lei nº 1.543, de 2020 e Emendas, nos termos do parecer.",https://www25.senado.leg.br:443/web/atividade/materias/-/materia/141437/votacoes#votacao_6121,2020-05-26T00:00:00Z,Mecias de Jesus REPUBLICANOS / RR,"Agricultura, pecuária e abastecimento",https://www25.senado.leg.br/web/atividade/materias/-/materia/141437,141437,6121,senado,5527,Sim,25527,Simone Tebet,F,MDB,MS,4.933015625242378,0.18690996071239319,0.330264
SIM,PL 1543/2020,Autoriza a prorrogação de dívidas rurais em decorrência da pandemia do coronavírus (Covid-19).,"Votação do Projeto de Lei nº 1.543, de 2020 e Emendas, nos termos do parecer.",https://www25.senado.leg.br:443/web/atividade/materias/-/materia/141437/votacoes#votacao_6121,2020-05-26T00:00:00Z,Mecias de Jesus REPUBLICANOS / RR,"Agricultura, pecuária e abastecimento",https://www25.senado.leg.br/web/atividade/materias/-/materia/141437,141437,6121,senado,5988,Sim,25988,Soraya Thronicke,F,PSL,MS,6.258085905115966,8.025171035205318,0.278117
SIM,PL 1543/2020,Autoriza a prorrogação de dívidas rurais em decorrência da pandemia do coronavírus (Covid-19).,"Votação do Projeto de Lei nº 1.543, de 2020 e Emendas, nos termos do parecer.",https://www25.senado.leg.br:443/web/atividade/materias/-/materia/141437/votacoes#votacao_6121,2020-05-26T00:00:00Z,Mecias de Jesus REPUBLICANOS / RR,"Agricultura, pecuária e abastecimento",https://www25.senado.leg.br/web/atividade/materias/-/materia/141437,141437,6121,senado,5959,Sim,25959,Styvenson Valentim,M,PODEMOS,RN,0.7975432300078609,-1.280158054399248,0
SIM,PL 1543/2020,Autoriza a prorrogação de dívidas rurais em decorrência da pandemia do coronavírus (Covid-19).,"Votação do Projeto de Lei nº 1.543, de 2020 e Emendas, nos termos do parecer.",https://www25.senado.leg.br:443/web/atividade/materias/-/materia/141437/votacoes#votacao_6121,2020-05-26T00:00:00Z,Mecias de Jesus REPUBLICANOS / RR,"Agricultura, pecuária e abastecimento",https://www25.senado.leg.br/web/atividade/materias/-/materia/141437,141437,6121,senado,3396,Sim,23396,Tasso Jereissati,M,PSDB,CE,3.3534693085582603,1.4865684503272902,0.0521469
SIM,PL 1543/2020,Autoriza a prorrogação de dívidas rurais em decorrência da pandemia do coronavírus (Covid-19).,"Votação do Projeto de Lei nº 1.543, de 2020 e Emendas, nos termos do parecer.",https://www25.senado.leg.br:443/web/atividade/materias/-/materia/141437/votacoes#votacao_6121,2020-05-26T00:00:00Z,Mecias de Jesus REPUBLICANOS / RR,"Agricultura, pecuária e abastecimento",https://www25.senado.leg.br/web/atividade/materias/-/materia/141437,141437,6121,senado,5535,Sim,25535,Telmário Mota,M,PROS,RR,4.677022940703409,8.6653810059608,0.330264
SIM,PL 1543/2020,Autoriza a prorrogação de dívidas rurais em decorrência da pandemia do coronavírus (Covid-19).,"Votação do Projeto de Lei nº 1.543, de 2020 e Emendas, nos termos do parecer.",https://www25.senado.leg.br:443/web/atividade/materias/-/materia/141437/votacoes#votacao_6121,2020-05-26T00:00:00Z,Mecias de Jesus REPUBLICANOS / RR,"Agricultura, pecuária e abastecimento",https://www25.senado.leg.br/web/atividade/materias/-/materia/141437,141437,6121,senado,5899,Sim,25899,Vanderlan Cardoso,M,PSD,GO,5.088446496104124,7.5317823197670535,0.375214
SIM,PL 1543/2020,Autoriza a prorrogação de dívidas rurais em decorrência da pandemia do coronavírus (Covid-19).,"Votação do Projeto de Lei nº 1.543, de 2020 e Emendas, nos termos do parecer.",https://www25.senado.leg.br:443/web/atividade/materias/-/materia/141437/votacoes#votacao_6121,2020-05-26T00:00:00Z,Mecias de Jesus REPUBLICANOS / RR,"Agricultura, pecuária e abastecimento",https://www25.senado.leg.br/web/atividade/materias/-/materia/141437,141437,6121,senado,5748,Sim,25748,Veneziano Vital do Rêgo,M,MDB,PB,-2.515317292581236,-6.917032602281734,0.375057
SIM,PL 1543/2020,Autoriza a prorrogação de dívidas rurais em decorrência da pandemia do coronavírus (Covid-19).,"Votação do Projeto de Lei nº 1.543, de 2020 e Emendas, nos termos do parecer.",https://www25.senado.leg.br:443/web/atividade/materias/-/materia/141437/votacoes#votacao_6121,2020-05-26T00:00:00Z,Mecias de Jesus REPUBLICANOS / RR,"Agricultura, pecuária e abastecimento",https://www25.senado.leg.br/web/atividade/materias/-/materia/141437,141437,6121,senado,1173,Sim,21173,Wellington Fagundes,M,PL,MT,1.8223141437247143,0.43452817815427913,0.365028
SIM,PL 1543/2020,Autoriza a prorrogação de dívidas rurais em decorrência da pandemia do coronavírus (Covid-19).,"Votação do Projeto de Lei nº 1.543, de 2020 e Emendas, nos termos do parecer.",https://www25.senado.leg.br:443/web/atividade/materias/-/materia/141437/votacoes#votacao_6121,2020-05-26T00:00:00Z,Mecias de Jesus REPUBLICANOS / RR,"Agricultura, pecuária e abastecimento",https://www25.senado.leg.br/web/atividade/materias/-/materia/141437,141437,6121,senado,5411,Presidente (art. 51 RISF),25411,Weverton,M,PDT,MA,-3.3497685929942023,-6.1797511391270445,0.365876
SIM,PL 1543/2020,Autoriza a prorrogação de dívidas rurais em decorrência da pandemia do coronavírus (Covid-19).,"Votação do Projeto de Lei nº 1.543, de 2020 e Emendas, nos termos do parecer.",https://www25.senado.leg.br:443/web/atividade/materias/-/materia/141437/votacoes#votacao_6121,2020-05-26T00:00:00Z,Mecias de Jesus REPUBLICANOS / RR,"Agricultura, pecuária e abastecimento",https://www25.senado.leg.br/web/atividade/materias/-/materia/141437,141437,6121,senado,5783,Sim,25783,Zenaide Maia,F,PROS,RN,-5.404990835837358,-7.897091329840391,0.0173823
SIM,PL 1543/2020,Autoriza a prorrogação de dívidas rurais em decorrência da pandemia do coronavírus (Covid-19).,"Votação do Projeto de Lei nº 1.543, de 2020 e Emendas, nos termos do parecer.",https://www25.senado.leg.br:443/web/atividade/materias/-/materia/141437/votacoes#votacao_6121,2020-05-26T00:00:00Z,Mecias de Jesus REPUBLICANOS / RR,"Agricultura, pecuária e abastecimento",https://www25.senado.leg.br/web/atividade/materias/-/materia/141437,141437,6121,senado,3806,Sim,23806,Zequinha Marinho,M,PSC,PA,7.814913086701051,10,0.366733
