orientacao_ma,Obstrução colabora com a orientação?,is_nominal,nome_proposicao,ementa_proposicao,obj_votacao,resumo,data,autor,tema,uri_tramitacao,id_proposicao,id_votacao,casa
SIM,sim,1,MPV 867/2018,"Altera a Lei nº 12.651, de 25 de maio de 2012, para dispor sobre a extensão do prazo para adesão ao Programa de Regularização Ambiental.

NOVA EMENTA: Altera a Lei nº 12.651, de 25 de maio de 2012, para dispor sobre o Programa de Regularização Ambiental e o Cadastro Ambiental Rural.","Votação das expressões: ""porém, em caso de conversão nesses biomas e formas de vegetação para a produção agrícola com cultivos anuais ou perenes, respeitar-se-á o limite de manutenção da reserva legal, previstos na Lei 12.651, de 25 de maio de 2012"", constante da parte final do inciso V, do § 3º do art. 68 da Lei 12.651/2012, com redação dada pelo artigo 1º do PLV 09/2019, oferecido à MPV 867/2018, para fins de sua supressão, objeto do destaque para votação em separado do Bloco PP/MDB/PTB - DTQ 10.",Suprimido o texto. Sim: 21; não: 241; total: 262.,NA,"Poder Executivo, Poder Executivo","Estrutura Fundiária, Meio Ambiente e Desenvolvimento Sustentável",https://camara.gov.br/proposicoesWeb/fichadetramitacao?idProposicao=2190237,2190237,2190237-117,camara
NÃO,sim,1,MPV 867/2018,"Altera a Lei nº 12.651, de 25 de maio de 2012, para dispor sobre a extensão do prazo para adesão ao Programa de Regularização Ambiental.

NOVA EMENTA: Altera a Lei nº 12.651, de 25 de maio de 2012, para dispor sobre o Programa de Regularização Ambiental e o Cadastro Ambiental Rural.","Votação do art. 60-A do PLV apresentado à MP 867/18, com vistas à sua supressão, objeto do destaque para votação em separado da bancada do PCdoB - DTQ 9.",Mantido o texto. Sim: 247; não: 31; abstenção: 3; total: 281.,NA,"Poder Executivo, Poder Executivo","Estrutura Fundiária, Meio Ambiente e Desenvolvimento Sustentável",https://camara.gov.br/proposicoesWeb/fichadetramitacao?idProposicao=2190237,2190237,2190237-114,camara
NÃO,sim,1,MPV 867/2018,"Altera a Lei nº 12.651, de 25 de maio de 2012, para dispor sobre a extensão do prazo para adesão ao Programa de Regularização Ambiental.

NOVA EMENTA: Altera a Lei nº 12.651, de 25 de maio de 2012, para dispor sobre o Programa de Regularização Ambiental e o Cadastro Ambiental Rural.","Votação do §13 do art. 59 da Lei 12651/2012, contido no art. 1º do PLV nº 9/2019, apresentado à MPV 867/18, com vistas à supressão, objeto do destaque para votação em separado da bancada do PSB - DTQ 8.",Mantido o texto. Sim: 223; não: 31; abstenção: 2; total: 256.,NA,"Poder Executivo, Poder Executivo","Estrutura Fundiária, Meio Ambiente e Desenvolvimento Sustentável",https://camara.gov.br/proposicoesWeb/fichadetramitacao?idProposicao=2190237,2190237,2190237-111,camara
NÃO,sim,1,MPV 867/2018,"Altera a Lei nº 12.651, de 25 de maio de 2012, para dispor sobre a extensão do prazo para adesão ao Programa de Regularização Ambiental.

NOVA EMENTA: Altera a Lei nº 12.651, de 25 de maio de 2012, para dispor sobre o Programa de Regularização Ambiental e o Cadastro Ambiental Rural.","Votação do §9º, do art. 59 da Lei 12.651/12, constante do art. 1º do PLV 9/19, para sua supressão, objeto do destaque para votação em separado da bancada do PSOL - DTQ 11.",Mantido o texto. Sim: 249; não: 13; abstenção: 1; total: 263.,NA,"Poder Executivo, Poder Executivo","Estrutura Fundiária, Meio Ambiente e Desenvolvimento Sustentável",https://camara.gov.br/proposicoesWeb/fichadetramitacao?idProposicao=2190237,2190237,2190237-108,camara
Não,sim,1,MPV 867/2018,"Altera a Lei nº 12.651, de 25 de maio de 2012, para dispor sobre a extensão do prazo para adesão ao Programa de Regularização Ambiental.

NOVA EMENTA: Altera a Lei nº 12.651, de 25 de maio de 2012, para dispor sobre o Programa de Regularização Ambiental e o Cadastro Ambiental Rural.","Votação do art. 59 da Lei 12651/12, constante do art. 1º do PLV 9/19, apresentado à MP 867/18, com vistas à sua supressão, objeto do destaque para votação em separado da bancada do PT - DTQ 3.",Mantido o texto. Sim: 249; não: 22; abstenção: 2; total: 273.,NA,"Poder Executivo, Poder Executivo","Estrutura Fundiária, Meio Ambiente e Desenvolvimento Sustentável",https://camara.gov.br/proposicoesWeb/fichadetramitacao?idProposicao=2190237,2190237,2190237-105,camara
NÃO,sim,1,MPV 867/2018,"Altera a Lei nº 12.651, de 25 de maio de 2012, para dispor sobre a extensão do prazo para adesão ao Programa de Regularização Ambiental.

NOVA EMENTA: Altera a Lei nº 12.651, de 25 de maio de 2012, para dispor sobre o Programa de Regularização Ambiental e o Cadastro Ambiental Rural.","Votação do art. 42 da Lei 12.651/12, constante do art. 1º do PLV 9/19, apresentado à MP 867/18, com vistas à sua supressão, objeto do destaque para votação em separado da bancada do PT - DTQ 2.",Mantido o texto. Sim: 240; não: 18; abstenção: 1; total: 259.,NA,"Poder Executivo, Poder Executivo","Estrutura Fundiária, Meio Ambiente e Desenvolvimento Sustentável",https://camara.gov.br/proposicoesWeb/fichadetramitacao?idProposicao=2190237,2190237,2190237-103,camara
LIBERADO,NA,1,MPV 867/2018,"Altera a Lei nº 12.651, de 25 de maio de 2012, para dispor sobre a extensão do prazo para adesão ao Programa de Regularização Ambiental.

NOVA EMENTA: Altera a Lei nº 12.651, de 25 de maio de 2012, para dispor sobre o Programa de Regularização Ambiental e o Cadastro Ambiental Rural.","Votação, em globo, da admissibilidade dos destaques simples.","Rejeitada a admissibilidade dos destaques simples. Em consequência, ficam prejudicados os referidos destaques. Sim: 9; não: 263; abstenção: 1; total: 273",NA,"Poder Executivo, Poder Executivo","Estrutura Fundiária, Meio Ambiente e Desenvolvimento Sustentável",https://camara.gov.br/proposicoesWeb/fichadetramitacao?idProposicao=2190237,2190237,2190237-99,camara
Não,sim,1,MPV 867/2018,"Altera a Lei nº 12.651, de 25 de maio de 2012, para dispor sobre a extensão do prazo para adesão ao Programa de Regularização Ambiental.

NOVA EMENTA: Altera a Lei nº 12.651, de 25 de maio de 2012, para dispor sobre o Programa de Regularização Ambiental e o Cadastro Ambiental Rural.","Votação do inciso III do § 3º do art. 34 da Lei 12651/12, constante do art. 1º do PLV 9/19, apresentado à MP 867/18, com vistas à sua supressão, objeto do destaque para votação em separado da bancada do PT - DTQ 1.",Mantido o texto. Sim: 242; não: 17; abstenção: 1; total: 260.,NA,"Poder Executivo, Poder Executivo","Estrutura Fundiária, Meio Ambiente e Desenvolvimento Sustentável",https://camara.gov.br/proposicoesWeb/fichadetramitacao?idProposicao=2190237,2190237,2190237-97,camara
SIM,NA,1,MPV 867/2018,"Altera a Lei nº 12.651, de 25 de maio de 2012, para dispor sobre a extensão do prazo para adesão ao Programa de Regularização Ambiental.

NOVA EMENTA: Altera a Lei nº 12.651, de 25 de maio de 2012, para dispor sobre o Programa de Regularização Ambiental e o Cadastro Ambiental Rural.",Continuação da votação em turno único.,Rejeitado o Requerimento. Sim: 12; não: 250; abstenção: 2; total: 264.,NA,"Poder Executivo, Poder Executivo","Estrutura Fundiária, Meio Ambiente e Desenvolvimento Sustentável",https://camara.gov.br/proposicoesWeb/fichadetramitacao?idProposicao=2190237,2190237,2190237-94,camara
NÃO,sim,1,MPV 867/2018,"Altera a Lei nº 12.651, de 25 de maio de 2012, para dispor sobre a extensão do prazo para adesão ao Programa de Regularização Ambiental.

NOVA EMENTA: Altera a Lei nº 12.651, de 25 de maio de 2012, para dispor sobre o Programa de Regularização Ambiental e o Cadastro Ambiental Rural.","Votação do §3º do art. 68, da Lei 12.651/2012, contido no art. 1º do PLV nº 9/2019, apresentado à MPV 867/18, com vistas à supressão, objeto do destaque para votação em separado da bancada do PSB - DTQ 7.",Mantido o texto. Sim: 252; não: 79; abstenção: 2; total: 333.,NA,"Poder Executivo, Poder Executivo","Estrutura Fundiária, Meio Ambiente e Desenvolvimento Sustentável",https://camara.gov.br/proposicoesWeb/fichadetramitacao?idProposicao=2190237,2190237,2190237-86,camara
Não,sim,1,MPV 867/2018,"Altera a Lei nº 12.651, de 25 de maio de 2012, para dispor sobre a extensão do prazo para adesão ao Programa de Regularização Ambiental.

NOVA EMENTA: Altera a Lei nº 12.651, de 25 de maio de 2012, para dispor sobre o Programa de Regularização Ambiental e o Cadastro Ambiental Rural.","Votação do destaque do Bloco PP/MDB/PTB, que solicita votação do DTQ 7, apresentado pelo PSB, que pede a votação em separado do §3º do art. 68 da Lei 12651/2012, contido no art. 1º do PLV nº 9/2019, para que seja apreciado em 1º lugar, logo após a apreciação do PLV - DTQ 12.",Aprovado o DTQ 12. Sim: 241; não: 18; abstenção: 2; total: 261.,NA,"Poder Executivo, Poder Executivo","Estrutura Fundiária, Meio Ambiente e Desenvolvimento Sustentável",https://camara.gov.br/proposicoesWeb/fichadetramitacao?idProposicao=2190237,2190237,2190237-82,camara
NÃO,sim,1,MPV 867/2018,"Altera a Lei nº 12.651, de 25 de maio de 2012, para dispor sobre a extensão do prazo para adesão ao Programa de Regularização Ambiental.

NOVA EMENTA: Altera a Lei nº 12.651, de 25 de maio de 2012, para dispor sobre o Programa de Regularização Ambiental e o Cadastro Ambiental Rural.","Votação, quanto ao mérito, em turno único.","Aprovada a Medida Provisória nº 867, de 2018, na forma do Projeto de Lei de Conversão nº 9, de 2019, ressalvados os destaques. Sim: 243; não: 19; abstenção: 2; total: 264.",NA,"Poder Executivo, Poder Executivo","Estrutura Fundiária, Meio Ambiente e Desenvolvimento Sustentável",https://camara.gov.br/proposicoesWeb/fichadetramitacao?idProposicao=2190237,2190237,2190237-80,camara
NÃO,sim,1,MPV 867/2018,"Altera a Lei nº 12.651, de 25 de maio de 2012, para dispor sobre a extensão do prazo para adesão ao Programa de Regularização Ambiental.

NOVA EMENTA: Altera a Lei nº 12.651, de 25 de maio de 2012, para dispor sobre o Programa de Regularização Ambiental e o Cadastro Ambiental Rural.","Votação do Requerimento dos Srs. Líderes, que solicita a votação em globo de admissibilidade dos destaques simples.",Aprovado o Requerimento. Sim: 245; não: 12; abstenção: 1; total: 258.,NA,"Poder Executivo, Poder Executivo","Estrutura Fundiária, Meio Ambiente e Desenvolvimento Sustentável",https://camara.gov.br/proposicoesWeb/fichadetramitacao?idProposicao=2190237,2190237,2190237-76,camara
SIM,NA,1,MPV 867/2018,"Altera a Lei nº 12.651, de 25 de maio de 2012, para dispor sobre a extensão do prazo para adesão ao Programa de Regularização Ambiental.

NOVA EMENTA: Altera a Lei nº 12.651, de 25 de maio de 2012, para dispor sobre o Programa de Regularização Ambiental e o Cadastro Ambiental Rural.","Votação do destaque da bancada do CIDADANIA, que solicita votação do texto original da MPV para que tenha preferência quanto ao Projeto de Lei de Conversão 9/19 - DTQ 4.",Rejeitado o Requerimento. Sim: 118; não: 262; total: 380.,NA,"Poder Executivo, Poder Executivo","Estrutura Fundiária, Meio Ambiente e Desenvolvimento Sustentável",https://camara.gov.br/proposicoesWeb/fichadetramitacao?idProposicao=2190237,2190237,2190237-72,camara
Não,sim,1,MPV 867/2018,"Altera a Lei nº 12.651, de 25 de maio de 2012, para dispor sobre a extensão do prazo para adesão ao Programa de Regularização Ambiental.

NOVA EMENTA: Altera a Lei nº 12.651, de 25 de maio de 2012, para dispor sobre o Programa de Regularização Ambiental e o Cadastro Ambiental Rural.",Votação preliminar em turno único.,"Aprovado, em apreciação preliminar, o Parecer da Comissão Mista, na parte em que manifesta opinião pelo não atendimento dos pressupostos constitucionais de relevância e urgência e de sua adequação financeira e orçamentária, nos termos do artigo 8º da Resolução nº 01, de 2002-CN. Sim: 247; não: 12; abstenção: 1; total: 260.",NA,"Poder Executivo, Poder Executivo","Estrutura Fundiária, Meio Ambiente e Desenvolvimento Sustentável",https://camara.gov.br/proposicoesWeb/fichadetramitacao?idProposicao=2190237,2190237,2190237-69,camara
SIM,NA,1,MPV 867/2018,"Altera a Lei nº 12.651, de 25 de maio de 2012, para dispor sobre a extensão do prazo para adesão ao Programa de Regularização Ambiental.

NOVA EMENTA: Altera a Lei nº 12.651, de 25 de maio de 2012, para dispor sobre o Programa de Regularização Ambiental e o Cadastro Ambiental Rural.",Continuação da votação em turno único.,Rejeitado o Requerimento. Sim: 15; não: 240; abstenção: 2; total: 257.,NA,"Poder Executivo, Poder Executivo","Estrutura Fundiária, Meio Ambiente e Desenvolvimento Sustentável",https://camara.gov.br/proposicoesWeb/fichadetramitacao?idProposicao=2190237,2190237,2190237-66,camara
NÃO,Sim,1,MPV 867/2018,"Altera a Lei nº 12.651, de 25 de maio de 2012, para dispor sobre a extensão do prazo para adesão ao Programa de Regularização Ambiental.

NOVA EMENTA: Altera a Lei nº 12.651, de 25 de maio de 2012, para dispor sobre o Programa de Regularização Ambiental e o Cadastro Ambiental Rural.",Votação preliminar em turno único.,"Aprovado, em apreciação preliminar, o Parecer da Comissão Mista, na parte em que manifesta opinião favorável quanto ao atendimento dos pressupostos constitucionais de relevância e urgência e de sua adequação financeira e orçamentária, nos termos do artigo 8º da Resolução nº 01, de 2002-CN. Sim: 293; não: 15; abstenção: 4; total: 312.",NA,"Poder Executivo, Poder Executivo","Estrutura Fundiária, Meio Ambiente e Desenvolvimento Sustentável",https://camara.gov.br/proposicoesWeb/fichadetramitacao?idProposicao=2190237,2190237,2190237-60,camara
SIM,NA,1,MPV 867/2018,"Altera a Lei nº 12.651, de 25 de maio de 2012, para dispor sobre a extensão do prazo para adesão ao Programa de Regularização Ambiental.

NOVA EMENTA: Altera a Lei nº 12.651, de 25 de maio de 2012, para dispor sobre o Programa de Regularização Ambiental e o Cadastro Ambiental Rural.",???????????,Rejeitado o Requerimento. Sim 16: não: 265; abstenção: 2; total: 283.,NA,"Poder Executivo, Poder Executivo","Estrutura Fundiária, Meio Ambiente e Desenvolvimento Sustentável",https://camara.gov.br/proposicoesWeb/fichadetramitacao?idProposicao=2190237,2190237,2190237-57,camara
SIM,NA,1,MPV 867/2018,"Altera a Lei nº 12.651, de 25 de maio de 2012, para dispor sobre a extensão do prazo para adesão ao Programa de Regularização Ambiental.

NOVA EMENTA: Altera a Lei nº 12.651, de 25 de maio de 2012, para dispor sobre o Programa de Regularização Ambiental e o Cadastro Ambiental Rural.",???????????,Rejeitado o Requerimento. Sim: 15; não: 246; abstenção: 2; total: 263.,NA,"Poder Executivo, Poder Executivo","Estrutura Fundiária, Meio Ambiente e Desenvolvimento Sustentável",https://camara.gov.br/proposicoesWeb/fichadetramitacao?idProposicao=2190237,2190237,2190237-54,camara
NÃO,NA,1,MPV 867/2018,"Altera a Lei nº 12.651, de 25 de maio de 2012, para dispor sobre a extensão do prazo para adesão ao Programa de Regularização Ambiental.

NOVA EMENTA: Altera a Lei nº 12.651, de 25 de maio de 2012, para dispor sobre o Programa de Regularização Ambiental e o Cadastro Ambiental Rural.",???????????,Aprovado o Requerimento. Sim: 287; não: 20; abstenção: 2; total: 309.,NA,"Poder Executivo, Poder Executivo","Estrutura Fundiária, Meio Ambiente e Desenvolvimento Sustentável",https://camara.gov.br/proposicoesWeb/fichadetramitacao?idProposicao=2190237,2190237,2190237-50,camara
SIM,NA,1,MPV 867/2018,"Altera a Lei nº 12.651, de 25 de maio de 2012, para dispor sobre a extensão do prazo para adesão ao Programa de Regularização Ambiental.

NOVA EMENTA: Altera a Lei nº 12.651, de 25 de maio de 2012, para dispor sobre o Programa de Regularização Ambiental e o Cadastro Ambiental Rural.",???????????,Rejeitado o Requerimento. Sim: 17; não: 256; abstenção: 3; total: 276.,NA,"Poder Executivo, Poder Executivo","Estrutura Fundiária, Meio Ambiente e Desenvolvimento Sustentável",https://camara.gov.br/proposicoesWeb/fichadetramitacao?idProposicao=2190237,2190237,2190237-47,camara
SIM,NA,1,MPV 867/2018,"Altera a Lei nº 12.651, de 25 de maio de 2012, para dispor sobre a extensão do prazo para adesão ao Programa de Regularização Ambiental.

NOVA EMENTA: Altera a Lei nº 12.651, de 25 de maio de 2012, para dispor sobre o Programa de Regularização Ambiental e o Cadastro Ambiental Rural.",NA,Rejeitado o Requerimento. Sim: 64; não: 202; abstenção: 1; total: 267.,NA,"Poder Executivo, Poder Executivo","Estrutura Fundiária, Meio Ambiente e Desenvolvimento Sustentável",https://camara.gov.br/proposicoesWeb/fichadetramitacao?idProposicao=2190237,2190237,2190237-40,camara
SIM,NA,1,MPV 867/2018,"Altera a Lei nº 12.651, de 25 de maio de 2012, para dispor sobre a extensão do prazo para adesão ao Programa de Regularização Ambiental.

NOVA EMENTA: Altera a Lei nº 12.651, de 25 de maio de 2012, para dispor sobre o Programa de Regularização Ambiental e o Cadastro Ambiental Rural.",NA,Rejeitado o Requerimento. Sim: 8; não: 280; abstenção: 1; total: 289.,NA,"Poder Executivo, Poder Executivo","Estrutura Fundiária, Meio Ambiente e Desenvolvimento Sustentável",https://camara.gov.br/proposicoesWeb/fichadetramitacao?idProposicao=2190237,2190237,2190237-37,camara
NÃO,NA,1,PL 2787/2019,"Altera a Lei nº 9.605, de 12 de fevereiro de 1998 (Lei de Crimes Ambientais), para tipificar o crime de ecocídio e a conduta delitiva do responsável por desastre relativo a rompimento de barragem, e dá outras providências.

NOVA EMENTA: Altera a Lei nº 9.605, de 12 de fevereiro de 1998, para tipificar o crime de ecocídio e a conduta delitiva do responsável por desastre relativo a rompimento de barragem; e dá outras providências.",NA,Rejeitado o Requerimento. Sim: 29; não: 244; abstenção: 1; total: 274.,NA,"Zé Silva - SOLIDARI/MG, Leonardo Monteiro - PT/MG, Greyce Elias - AVANTE/MG, Gilberto Abramo - PRB/MG, Igor Timo - PODE/MG, Áurea Carolina - PSOL/MG, Júlio Delgado - PSB/MG, Hercílio Coelho Diniz - MDB/MG, Dr. Frederico - PATRI/MG, Lucas Gonzalez - NOVO/MG, Rogério Correia - PT/MG, Padre João - PT/MG","Direito Penal e Processual Penal, Meio Ambiente e Desenvolvimento Sustentável",https://camara.gov.br/proposicoesWeb/fichadetramitacao?idProposicao=2201529,2201529,2201529-33,camara
nÃO,NA,1,PL 5028/2019,"Institui a Política Nacional de Pagamento por Serviços Ambientais e dá outras providências. 

NOVA EMENTA: Institui a Política Nacional de Pagamento por Serviços Ambientais; e altera as Leis nºs 8.212, de 24 de julho de 1991, 8.629, de 25 de fevereiro de 1993, e 6.015, de 31 de dezembro de 1973, para adequá-las à nova política.","Votação do DTQ 1: PSOL: Destaque para votação em separado do parágrafo único do Art. 21 do substitutivo do Senado Federal apresentado ao PL n° 5028 de 2019, para sua supressão. (art. 161, I).",Suprimido o texto. Sim: 2; não: 269; abstenção: 1; total 272.,NA,Rubens Bueno - PPS/PR,"Administração Pública, Meio Ambiente e Desenvolvimento Sustentável",https://camara.gov.br/proposicoesWeb/fichadetramitacao?idProposicao=946475,946475,946475-138,camara
Sim,NA,1,PL 5028/2019,"Institui a Política Nacional de Pagamento por Serviços Ambientais e dá outras providências. 

NOVA EMENTA: Institui a Política Nacional de Pagamento por Serviços Ambientais; e altera as Leis nºs 8.212, de 24 de julho de 1991, 8.629, de 25 de fevereiro de 1993, e 6.015, de 31 de dezembro de 1973, para adequá-las à nova política.",Votação em turno único.,"Aprovado o Substitutivo do Senado Federal ao Projeto de Lei nº 312-B, de 2015, ressalvados os destques. Sim: 298; não: 2; abstenção: 2 total: 302.",NA,Rubens Bueno - PPS/PR,"Administração Pública, Meio Ambiente e Desenvolvimento Sustentável",https://camara.gov.br/proposicoesWeb/fichadetramitacao?idProposicao=946475,946475,946475-131,camara
não,NA,1,PL 5028/2019,"Institui a Política Nacional de Pagamento por Serviços Ambientais e dá outras providências. 

NOVA EMENTA: Institui a Política Nacional de Pagamento por Serviços Ambientais; e altera as Leis nºs 8.212, de 24 de julho de 1991, 8.629, de 25 de fevereiro de 1993, e 6.015, de 31 de dezembro de 1973, para adequá-las à nova política.",??????,Rejeitado o Requerimento. Não: 292; abstenção: 2; total: 294.,NA,Rubens Bueno - PPS/PR,"Administração Pública, Meio Ambiente e Desenvolvimento Sustentável",https://camara.gov.br/proposicoesWeb/fichadetramitacao?idProposicao=946475,946475,946475-129,camara
Não,NA,1,PL 5028/2019,"Institui a Política Nacional de Pagamento por Serviços Ambientais e dá outras providências. 

NOVA EMENTA: Institui a Política Nacional de Pagamento por Serviços Ambientais; e altera as Leis nºs 8.212, de 24 de julho de 1991, 8.629, de 25 de fevereiro de 1993, e 6.015, de 31 de dezembro de 1973, para adequá-las à nova política.",??????,Rejeitado o Requerimento. Não: 254; abstenção: 4; total: 258.,NA,Rubens Bueno - PPS/PR,"Administração Pública, Meio Ambiente e Desenvolvimento Sustentável",https://camara.gov.br/proposicoesWeb/fichadetramitacao?idProposicao=946475,946475,946475-127,camara
Não,NA,1,PL 5028/2019,"Institui a Política Nacional de Pagamento por Serviços Ambientais e dá outras providências. 

NOVA EMENTA: Institui a Política Nacional de Pagamento por Serviços Ambientais; e altera as Leis nºs 8.212, de 24 de julho de 1991, 8.629, de 25 de fevereiro de 1993, e 6.015, de 31 de dezembro de 1973, para adequá-las à nova política.",??????,Rejeitado o Requerimento. Sim: 6; não: 257; abstenção: 1; total: 264.,NA,Rubens Bueno - PPS/PR,"Administração Pública, Meio Ambiente e Desenvolvimento Sustentável",https://camara.gov.br/proposicoesWeb/fichadetramitacao?idProposicao=946475,946475,946475-111,camara
SIM,NA,1,MPV 910/2019,"Altera a Lei nº 11.952, de 25 de junho de 2009, que dispõe sobre a regularização fundiária das ocupações incidentes em terras situadas em áreas da União, a Lei nº 8.666, de 21 de junho de 1993, que institui normas para licitações e contratos da administração pública, e a Lei nº 6.015, de 31 de dezembro de 1973, que dispõe sobre os registros públicos.",NA,Rejeitado o Requerimento. Sim: 163; não: 341; total: 504.,NA,"Poder Executivo, Poder Executivo","Administração Pública, Estrutura Fundiária",https://camara.gov.br/proposicoesWeb/fichadetramitacao?idProposicao=2233488,2233488,2233488-33,camara
Sim,NA,1,PL 7789/2017,"Institui a Política Nacional de Desfazimento e Recondicionamento de Equipamentos Eletroeletrônicos, dispõe sobre o Programa Computadores para Inclusão e dá outras providências.

NOVA EMENTA: Institui a Política Nacional de Desfazimento e Recondicionamento de Equipamentos Eletroeletrônicos e dispõe sobre o Programa Computadores para Inclusão.","REQ7809/2017: Requeremos nos termos do artigo 155 do RICD, urgência para apreciação do Projeto de Lei nº 7.789/17, do André Amaral (PMDB/PB), que Institui a Po!itica Nacional de Desfazimento e Recondicionamento de Equipamentos Eletroeletrônicos, dispõe sobre o Programa Computadores para Inclusão e dá outras providências.",Aprovado o Requerimento de Urgência (Art. 155 do RICD). Sim: 318; abstenção:2; total: 320.,NA,André Amaral - PMDB/PB,Meio Ambiente e Desenvolvimento Sustentável,https://camara.gov.br/proposicoesWeb/fichadetramitacao?idProposicao=2140342,2140342,2163986-7,camara
Não,NA,1,PEC 187/2016,"Acrescenta o §8º ao art. 231 da Constituição Federal de 1988, a fim de permitir às comunidades indígenas praticar atividades agropecuárias e florestais em suas terras, bem como, comercializar aquilo que foi produzido e gerenciar sua renda.","VTS4/0: Acrescenta o §8º ao art. 231 da Constituição Federal de 1988, a fim de permitir às comunidades indígenas praticar atividades agropecuárias e florestais em suas terras, bem como, comercializar aquilo que foi produzido e gerenciar sua renda.

VTS1/0: Acrescenta o §8º ao art. 231 da Constituição Federal de 1988, a fim de permitir às comunidades indígenas praticar atividades agropecuárias e florestais em suas terras, bem como, comercializar aquilo que foi produzido e gerenciar sua renda.

PRL3/0: Parecer do Relator, Dep. Pedro Lupion (DEM-PR), pela admissibilidade desta e pela inadmissibilidade da PEC 343/2017, apensada.

VTS2/0: Voto em separado Nº 001, Dep. Luiz Albuquerque Couto (PT/PB).

PRL2/0: Parecer do Relator, Dep. Alceu Moreira (MDB-RS),  pela admissibilidade desta, e da PEC 343/2017, apensada.

VTS3/0: Acrescenta o §8º ao art. 231 da Constituição Federal de 1988, a fim de permitir às comunidades indígenas praticar atividades agropecuárias e florestais em suas terras, bem como, comercializar aquilo que foi produzido e gerenciar sua renda.

PAR1/0: Aprovado o Parecer contra os votos dos Deputados Pompeo de Mattos, Júlio Delgado, Reginaldo Lopes, Patrus Ananias, Dagoberto Nogueira, José Guimarães, Paulo Teixeira, Sergio Vidigal, Clarissa Garotinho, Gervásio Maia, Túlio Gadêlha, Margarete Coelho, Alencar Santana Braga, João H. Campos, Talíria Petrone, Joenia Wapichana, Luiz Flávio Gomes e Nelson Pellegrino e absteve-se de votar o Deputado Shéridan, apresentaram votos em separado os Deputados Luiz Couto, Luiz Couto, Talíria Petrone e Joenia Wapichana..  Parecer do Relator, Dep. Pedro Lupion (DEM-PR), pela admissibilidade desta e pela inadmissibilidade da PEC 343/2017, apensada.

VTS5/0: Voto em separado da Deputada Joenia Wapichana pela inadmissibilidade da PEC 187/16 e PEC 343/17.

PRL1/0: Parecer do Relator, Dep. Alceu Moreira (PMDB-RS), pela admissibilidade.","Aprovado o Parecer contra os votos dos Deputados Pompeo de Mattos, Júlio Delgado, Reginaldo Lopes, Patrus Ananias, Dagoberto Nogueira, José Guimarães, Paulo Teixeira, Sergio Vidigal, Clarissa Garotinho, Gervásio Maia, Túlio Gadêlha, Margarete Coelho, Alencar Santana Braga, João H. Campos, Talíria Petrone, Joenia Wapichana, Luiz Flávio Gomes e Nelson Pellegrino e absteve-se de votar a Deputada Shéridan, apresentaram votos em separado os Deputados Luiz Couto,  Talíria Petrone, Joenia Wapichana e Joenia Wapichana.",NA,Vicentinho Júnior - PSB/TO,"Agricultura, Pecuária, Pesca e Extrativismo, Direitos Humanos e Minorias",https://camara.gov.br/proposicoesWeb/fichadetramitacao?idProposicao=2077621,2077621,2077621-131,camara
NÃO,NA,NA,PLP 117/2011,"Altera dispositivos da Lei Complementar nº 140, de 8 de dezembro de 2011, para dispor sobre a competência do órgão ambiental da União para lavrar auto de infração ambiental e instaurar processo administrativo para apuração de infrações à legislação ambiental cometidas na área da Amazônia, e dá outras providências.",NA,"Alteração do Regime de Tramitação desta proposição em virtude da alteração do regime do PLP 127/2019, por ter sido aprovado o REQ 1569/2019 => PLP 127/2019 que está apensado ao primeiro.",NA,"Poder Executivo, Poder Executivo",Meio Ambiente e Desenvolvimento Sustentável,https://camara.gov.br/proposicoesWeb/fichadetramitacao?idProposicao=531004,531004,531004-41,camara
NÃO,NA,NA,PLP 127/2019,"Altera a Lei Complementar nº 140, de 8 de dezembro de 2011, para aperfeiçoar as regras sobre as atribuições para o licenciamento ambiental.",NA,"Aprovado, por unanimidade, o Requerimento de Urgência (Art. 155 do RICD).",NA,"Zé Silva - SOLIDARI/MG, Padre João - PT/MG, André Janones - AVANTE/MG, Léo Motta - PSL/MG, Dr. Frederico - PATRI/MG, Gilberto Abramo - PRB/MG, Igor Timo - PODE/MG, Júlio Delgado - PSB/MG, Hercílio Coelho Diniz - MDB/MG","Administração Pública, Direito Constitucional, Meio Ambiente e Desenvolvimento Sustentável",https://camara.gov.br/proposicoesWeb/fichadetramitacao?idProposicao=2201537,2201537,2205046-6,camara
NÃO,NA,NA,PLP 127/2019,"Altera a Lei Complementar nº 140, de 8 de dezembro de 2011, para aperfeiçoar as regras sobre as atribuições para o licenciamento ambiental.",NA,"Aprovado requerimento do Sr. Zé Silva que solicita urgência urgentíssima para apreciação do Projeto de Lei Complementar nº 127 de 2019, altera a Lei Complementar nº 140, de 8 de dezembro de 2011, para aperfeiçoar as regras sobre as atribuições para o licenciamento ambiental.",NA,"Zé Silva - SOLIDARI/MG, Padre João - PT/MG, André Janones - AVANTE/MG, Léo Motta - PSL/MG, Dr. Frederico - PATRI/MG, Gilberto Abramo - PRB/MG, Igor Timo - PODE/MG, Júlio Delgado - PSB/MG, Hercílio Coelho Diniz - MDB/MG","Administração Pública, Direito Constitucional, Meio Ambiente e Desenvolvimento Sustentável",https://camara.gov.br/proposicoesWeb/fichadetramitacao?idProposicao=2201537,2201537,2201537-18,camara
SIM,NA,NA,PL 18/2019,"Estabelece princípios e regras específicos para barragens destinadas à acumulação ou à disposição final ou temporária de rejeitos e resíduos industriais ou de mineração e a barragens de água ou líquidos associados a processos industriais ou de mineração, independentemente do porte e do potencial poluidor, em caráter complementar à Política Nacional de Segurança de Barragens (PNSB), instituída pela Lei Federal nº 12.334, de 20 de setembro de 2010.",Votação da Redação Final.,"Aprovada a Redação Final assinada pelo Relator, Dep. Padre João (PT-MG).",NA,"Alessandro Molon - PSB/RJ, Rosana Valle - PSB/SP, Bira do Pindaré - PSB/MA, Liziane Bayer - PSB/RS, Felipe Rigoni - PSB/ES, Danilo Cabral - PSB/PE, Rodrigo Agostinho - PSB/SP, Aliel Machado - PSB/PR, Denis Bezerra - PSB/CE, João H. Campos - PSB/PE","Energia, Recursos Hídricos e Minerais, Indústria, Comércio e Serviços, Meio Ambiente e Desenvolvimento Sustentável",https://camara.gov.br/proposicoesWeb/fichadetramitacao?idProposicao=2190446,2190446,2190446-91,camara
LIBERADO,NA,1,PDL 233/2019,"Susta o Decreto nº 9.785, de 07 de Maio de 2019, que regulamenta a Lei nº 10.826, de 22 de dezembro de 2003, para dispor sobre a aquisição, o cadastro, o registro, a posse, o porte e a comercialização de armas de fogo e de munição e sobre o Sistema Nacional de Armas e o Sistema Nacional de Gerenciamento Militar de Armas.","Projeto de Decreto Legislativo nº 233, de 2019",https://www25.senado.leg.br:443/web/atividade/materias/-/materia/136635/votacoes#votacao_5971,2019-06-18T00:00:00Z,Randolfe Rodrigues REDE / AP,Nao especificado,https://www25.senado.leg.br/web/atividade/materias/-/materia/136635,136635,5971,senado
LIBERADO,NA,1,PDL 88/2020,"Reconhece, para os fins do art. 65 da Lei Complementar nº 101, de 4 de maio de 2000, a ocorrência do estado de calamidade pública, nos termos da solicitação do Presidente da República encaminhada por meio da Mensagem nº 93, de 18 de março de 2020.",Votação do PDL 88/2020,https://www25.senado.leg.br:443/web/atividade/materias/-/materia/141114/votacoes#votacao_6082,2020-03-20T00:00:00Z,Câmara dos Deputados,Nao especificado,https://www25.senado.leg.br/web/atividade/materias/-/materia/141114,141114,6082,senado
SIM,NA,1,PL 1543/2020,Autoriza a prorrogação de dívidas rurais em decorrência da pandemia do coronavírus (Covid-19).,"Votação do Projeto de Lei nº 1.543, de 2020 e Emendas, nos termos do parecer.",https://www25.senado.leg.br:443/web/atividade/materias/-/materia/141437/votacoes#votacao_6121,2020-05-26T00:00:00Z,Mecias de Jesus REPUBLICANOS / RR,"Agricultura, pecuária e abastecimento",https://www25.senado.leg.br/web/atividade/materias/-/materia/141437,141437,6121,senado
LIBERADO,NA,1,PL 4162/2019,"Atualiza o marco legal do saneamento básico e altera a Lei nº 9.984, de 17 de julho de 2000, para atribuir à Agência Nacional de Águas e Saneamento Básico (ANA) competência para editar normas de referência sobre o serviço de saneamento; a Lei nº 10.768, de 19 de novembro de 2003, para alterar as atribuições do cargo de Especialista em Recursos Hídricos e Saneamento Básico; a Lei nº 11.107, de 6 de abril de 2005, para vedar a prestação por contrato de programa dos serviços públicos de que trata o art. 175 da Constituição Federal; a Lei nº 11.445, de 5 de janeiro de 2007, para aprimorar as condições estruturais do saneamento básico no País; a Lei nº 12.305, de 2 de agosto de 2010, para tratar dos prazos para a disposição final ambientalmente adequada dos rejeitos; a Lei nº 13.089, de 12 de janeiro de 2015 (Estatuto da Metrópole), para estender seu âmbito de aplicação às microrregiões; e a Lei nº 13.529, de 4 de dezembro de 2017, para autorizar a União a participar de fundo com a finalidade exclusiva de financiar serviços técnicos especializados.","Votação do Projeto de Lei nº 4162, de 2019, nos termos do Parecer.",https://www25.senado.leg.br:443/web/atividade/materias/-/materia/140534/votacoes#votacao_6144,2020-06-24T00:00:00Z,Câmara dos Deputados,Recursos hídricos,https://www25.senado.leg.br/web/atividade/materias/-/materia/140534,140534,6144,senado
